Workbook

Sheet Static Data
A1: Deviation Area List | B1: Complaint Area List
A2: QC Testing | B2: Strength
A3: QC Samples | B3: Product Mixup
A4: QC Annual Performance Qualification | B4: Product Appearance
A5: QC Standards | B5: Pharmacovigilance
A6: Internal Audits | B6: AE / ADRs
A7: Third Party Product Release | B7: Product Packaging
A8: Product Processing | B8: Product Formulation
A9: Product Manufacturing | B9: Delivery
A10: Temperature Excursion | B10: Product Scent
A11: Labelling | B11: Labelling / PIL
A12: Cleaning | B12: Documentation
... A19: Temperature Monitoring | B19: Other
A20: Equipment
A21: Dispatch Cleaning Procedure
A22: Stability
A23: CBPM Shipment
A24: Product Mixup
A25: Equipment Validation
A26: Transport
A27: Validation
A28: Product Formulation
A29: Business Central
A30: Other

Sheet Deviation RC Data
D1: Where the deviation happened | P1: Root Causes Identified | AI1: Department Responsible for Root Causes
AI2: Quality Assurance | AL2: Other Departments
A3: Document Reference | B3: Date Raised | C3: Department that logged deviation | D3: Finance | E3: Procurement | F3: Customer Service | G3: R&D | H3: SLT | I3: Production | J3: Dispatch | K3: QA | L3: QC | M3: BMR generation | N3: Final release | O3: Deviation area (Processes and activities) | P3: Human error | Q3: Formulation issue | R3: Material / Consumables Availability | S3: Inadequate Material / Consumables | T3: Communication issue | U3: Inadequate Planning | V3: Procedure is defficient | W3: Equipment Fault - wear and tear | X3: Inadequate storage | Y3: No procedure in place | Z3: Equipment availability | AA3: Training / skills / knowledge issue | AB3: Staff Availability | AC3: IT/System Issues | AD3: Facility Issue | AE3: Environmental Conditions | AF3: Validation /Calibration | AG3: GDocP not followed | AH3: Other | AI3: Final Release | AJ3: BMR | AK3: QA2 | AL3: Production2 | AM3: QC2 | AN3: Dispatch2 | AO3: R&D2 | AP3: Customer Service2 | AQ3: CBPM | AR3: Procurement2 | AS3: SLT2 | AT3: Finance2
A4: DEV.2024.001 | B4: 45300 | C4: QC | L4: x | O4: QC testing | V4: x | AM4: x
A5: DEV.2024.002 | B5: 45300 | C5: QC | L5: x | O5: QC samples | W5: x | AM5: x
A6: DEV.2024.003 | B6: 45306 | C6: QC | L6: x | O6: QC Annual performance qualification | AF6: x | AM6: x
A7: DEV.2024.004 | B7: 45307 | C7: QC | L7: x | O7: QC samples | X7: x | AM7: x
A8: DEV.2024.005 | B8: 45307 | C8: QC | L8: x | O8: QC Standards | P8: x | AM8: x
A9: DEV.2024.006 | B9: 45308 | C9: QA | K9: x | O9: Internal Audits | V9: x | AK9: x
A10: DEV.2024.007 | B10: 45308 | C10: QA | N10: x | O10: Third party Product Release | V10: x | Y10: x | AA10: x | AL10: x | AO10: x
A11: DEV.2024.008 | B11: 45310 | C11: Production | N11: x | O11: Product processing | T11: x | V11: x | AL11: x | AN11: x
A12: DEV.2024.009 | B12: 45315 | C12: Production, R&D | K12: x | O12: Product manufacturing | Q12: x | R12: x | AO12: x
A13: DEV.2024.010 | B13: 45327 | C13: QA | K13: x | O13: Temperature excursion | Z13: x | AA13: x | AK13: x
A14: DEV.2024.011 | B14: 45327 | C14: QC | L14: x | O14: QC testing | AF14: x | AM14: x
A15: DEV.2024.012 | B15: 45327 | C15: QC | L15: x | O15: Labelling | V15: x | AM15: x
A16: DEV.2024.013 | B16: 45337 | C16: QC | L16: x | O16: Cleaning | AH16: Root cause not determined
A17: DEV.2024.014 | B17: 45350 | C17: QA | K17: x | O17: Documentation | V17: x | AA17: x | AK17: x
A18: DEV.2024.015 | B18: 45351 | C18: QA | N18: x | O18: Product storage | T18: x | Z18: x
A19: DEV.2024.016 | B19: 45356 | C19: Production | I19: x | O19: Data integrity | V19: x | Y19: x | AL19: x
A20: DEV.2024.017 | B20: 45356 | C20: QA | K20: x | O20: Environmental Monitoring | Z20: x | AA20: x | AB20: x | AK20: x
A21: DEV.2024.018 | B21: 45359 | C21: QA | N21: x | O21: Non-Conforming Product | P21: x | V21: x | AA21: x | AJ21: x
A22: DEV.2024.019 | B22: 45359 | C22: Production | I22: x | O22: Product manufacturing | P22: x | AA22: x | AL22: x
A23: DEV.2024.020 | B23: 45372 | C23: QA | I23: x | O23: Environmental Monitoring | V23: x | AD23: x | AE23: x | AL23: x
A24: DEV.2024.021 | B24: 45376 | C24: QA | M24: x | O24: Product formulation | P24: x | Q24: x | T24: x | AO24: x
A25: DEV.2024.022 | B25: 45384 | C25: QA | I25: x | O25: Non-Conforming Product | Q25: x | AO25: x
A26: DEV.2024.023 | B26: 45384 | C26: QA | I26: x | M26: x | O26: Non-Conforming Product | AA26: x | AJ26: x
A27: DEV.2024.024 | B27: 45390 | C27: QC | L27: x | O27: QC testing | AB27: x | AF27: x | AM27: x
A28: DEV.2024.025 | B28: 45390 | C28: QA | M28: x | O28: Product formulation | Q28: x | AA28: x | AO28: x
A29: DEV.2024.026 | B29: 45390 | C29: Production | I29: x | O29: Documentation | P29: x | V29: x | AL29: x
A30: DEV.2024.027 | B30: 45391 | C30: QA | I30: x | N30: x | O30: Documentation | T30: x | V30: x | Y30: x | AM30: x
A31: DEV.2024.028 | B31: 45392 | C31: QA | M31: x | O31: Non-Conforming Product | P31: x | Y31: x | AA31: x | AJ31: x | AL31: x
A32: DEV.2024.029 | B32: 45394 | C32: QC | L32: x | O32: QC testing | AF32: x | AH32: Material | AM32: x
A33: DEV.2024.030 | B33: 45400 | C33: QA | K33: x | O33: Event Logging Procedure | V33: x | AA33: x | AB33: x | AK33: x
A34: DEV.2024.031 | B34: 45404 | C34: QA | J34: x | K34: x | O34: Temperature monitoring | P34: x | V34: x | AB34: x | AK34: x | AN34: x
A35: DEV.2024.032 | B35: 45412 | C35: QC | I35: x | O35: Equipment validation | AF35: x | AH35: Equipment | AL35: x
A36: DEV.2024.033 | B36: 45413 | C36: QC | L36: x | O36: Equipment | W36: x | AH36: Environmental factors | AM36: x
A37: DEV.2024.034 | B37: 45414 | C37: Production | H37: x | O37: Product manufacturing | R37: x
A38: DEV.2024.035 | B38: 45421 | C38: QC | L38: x | O38: QC testing | V38: x | AM38: x
A39: DEV.2024.036 | B39: 45426 | C39: Dispatch | J39: x | O39: Dispatch cleaning procedure | AA39: x | AN39: x
A40: DEV.2024.037 | B40: 45426 | C40: Production | I40: x | O40: Equipment validation | P40: x | AL40: x
A41: DEV.2024.038 | B41: 45429 | C41: QC | L41: x | O41: Stability | V41: x
A42: DEV.2024.039 | B42: 45434 | C42: QC | L42: x | O42: QC Samples | V42: x | Y42: x | AA42: x | AM42: x
A43: DEV.2024.040 | B43: 45454 | C43: QA | I43: x | K43: x | O43: Environmental Monitoring | AL43: x
A44: DEV.2024.041 | B44: 45454 | C44: QA | K44: x | O44: Documentation | AB44: x | AK44: x
A45: DEV.2024.042 | B45: 45456 | C45: QC | L45: x | O45: QC testing | V45: x | AF45: x | AM45: x
A46: DEV.2024.043 | B46: 45457 | C46: QA | K46: x | O46: CBPM Shipment | AH46: Miscommunication with supplier | AQ46: x
A47: DEV.2024.044 | B47: 45469 | C47: QA | I47: x | O47: Non-Conforming Product | V47: x | AA47: x | AH47: Picking process and current dispensary stock
A48: DEV.2024.045 | B48: 45485 | C48: QA | I48: x | O48: Environmental monitoring
A49: DEV.2024.046 | B49: 45513 | C49: QA | J49: x | O49: Product mixup
A50: DEV.2024.047 | B50: 45513 | C50: QA | J50: x | O50: Product mixup | P50: x | X50: x | AN50: x
A51: DEV.2024.048 | B51: 45523 | C51: QA | K51: x | O51: Environmental Monitoring | R51: x | T51: x | U51: x | AK51: x
A52: DEV.2024.049 | B52: 45541 | C52: QC | L52: x | O52: Stability | AB52: x | AM52: x
A53: DEV.2024.050 | B53: 45544 | C53: QA | K53: x | O53: Equipment validation | AH53: Planned deviation | AK53: x
A54: DEV.2024.051 | B54: 45582 | C54: QA | O54: Transport | V54: x | AH54: No alarm in the back door of the delivey van
A55: DEV.2024.052 | B55: 45583 | C55: QC | I55: x | L55: x | O55: Validation | P55: x | V55: x | AF55: x | AL55: x | AM55: x
A56: DEV.2024.053 | B56: 45588 | C56: QA | I56: x | O56: Product manufacturing | AA56: x | AG56: x | AH56: Documentation
A57: DEV.2024.054 | B57: 45621 | C57: QC | L57: x | O57: Equipment | AC57: x | AH57: Equipment | AM57: x
A58: DEV.2024.055 | B58: 45629 | C58: QA | O58: Environmental Monitoring | AH58: Transport | AK58: x
A59: DEV.2024.056 | B59: 45631 | C59: QA | K59: x | O59: Equipment | AF59: x | AH59: Equipment calibration | AK59: x
A60: DEV.2024.057 | B60: 45649 | C60: QA | K60: x | O60: Equipment | P60: x | AH60: location of the comark transmitter
A61: DEV.2024.058 | B61: 45657 | C61: Production | I61: x | O61: Product Formulation | Q61: x | AO61: x
A62: DEV.2025.001 | B62: 45677 | C62: QC | L62: x | O62: QC testing
A63: DEV.2025.002 | B63: 45678 | C63: QA | I63: x | M63: x | O63: Labelling | V63: x | AJ63: x | AK63: x
A64: DEV.2025.003 | B64: 45693 | C64: QA | K64: X | O64: Environmental Monitoring | V64: x | AK64: x
A65: DEV.2025.004 | B65: 45705 | C65: QA | L65: x | O65: QC Testing | P65: x
A66: DEV.2025.005 | B66: 45707 | C66: QA | I66: x | O66: Product Formulation | Q66: x | Y66: x | AO66: x
A67: DEV.2025.006 | B67: 45726 | C67: QA | K67: x | O67: Business Central | AC67: x | AK67: x
A68: DEV.2025.007 | B68: 45750 | C68: QA | K68: x | O68: Documentation | P68: x | AK68: x
A69: DEV.2025.008 | B69: 45758 | C69: QA | I69: x | O69: Product Manufacturing | P69: x | V69: x | AL69: x
A70: DEV.2025.009 | B70: 45764 | C70: QA | J70: x | O70: Temperature excursion | W70: x | AA70: x | AK70: x
A71: DEV.2025.010 | B71: 45770 | C71: QA | I71: x | O71: Environmental Monitoring | R71: x | V71: x | AA71: x | AL71: x
A72: DEV.2025.011 | B72: 45775 | C72: QA | I72: x | O72: Product Manufacturing | V72: x | AL72: x
A73: DEV.2025.012 | B73: 45778 | C73: QA | L73: x | O73: QC Testing | AA73: x | AM73: x
A74: DEV.2025.013 | B74: 45778 | C74: QA | K74: x | O74: Temperature Monitoring | AA74: x | AK74: x
A75: DEV.2025.014 | B75: 45796 | C75: QA | L75: x | O75: QC testing | P75: x | AA75: x | AM75: x
A76: DEV.2025.015 | B76: 45796 | C76: QA | K76: x | O76: Environmental Monitoring | V76: x | W76: x | AK76: x
A77: DEV.2025.016 | B77: 45800 | C77: QC | L77: x | O77: Stability | AB77: x | AM77: x
A78: DEV.2025.017 | B78: 45811 | C78: QA | I78: x | O78: Non-Conforming Product | V78: x | AO78: x
A79: DEV.2025.018 | B79: 45817 | C79: QA | L79: x | O79: Stability | W79: x | AM79: x
A80: DEV.2025.019 | B80: 45824 | C80: QA | J80: x | O80: Temperature Excursion | V80: x | AN80: x
A81: DEV.2025.020 | B81: 45833 | C81: QA | K81: x | O81: Other | V81: x | AK81: x
A82: DEV.2025.021 | B82: 45833 | C82: QA | I82: x | O82: Validation | V82: x | AL82: x
A83: DEV.2025.022 | B83: 45845 | C83: QA/PRODUCTION | I83: x | K83: x | O83: Environmental Monitoring | P83: x | AL83: x
A84: DEV.2025.023 | B84: 45841 | C84: QC | L84: x | O84: QC Testing | W84: x | AM84: x
A85: DEV.2025.024 | B85: 45852 | C85: QA | I85: x | O85: Temperature Excursion | W85: x | AL85: x
A86: DEV.2025.025 | B86: 45870 | C86: QA/PRODUCTION | I86: x | L86: x | O86: Environmental Monitoring | V86: x | AK86: x
A87: DEV.2025.026 | B87: 45890 | C87: QA/PRODUCTION | I87: x | K87: x | O87: Product Mixup | V87: x | AJ87: x
A88: DEV.2025.027 | B88: 45909 | C88: QA | K88: x | O88: Environmental Monitoring | AD88: x
A89: DEV.2025.028 | B89: 45917 | C89: QA/PRODUCTION | M89: x | O89: Product Manufacturing | V89: x | AJ89: x
A90: DEV.2025.029 | B90: 45917 | C90: QA | L90: x | O90: Equipment | W90: x | AM90: x
A91: DEV.2025.030 | B91: 45944 | C91: QA | J91: x | O91: Documentation | T91: x | V91: x | AN91: x
A92: DEV.2025.031 | B92: 45961 | C92: QA | J92: x | O92: Documentation | T92: x
A93: DEV.2025.032 | B93: 45967 | C93: QA | K93: x | O93: Product Storage | P93: x | AI93: x
A94: DEV.2025.033 | B94: 45978 | C94: QA | O94: Temperature Excursion | W94: x
A95: DEV.2025.034 | B95: 45979 | C95: QC | L95: x | O95: QC Samples | W95: x | AM95: x
A96: DEV.2025.035 | B96: 45994 | C96: QA | I96: x | O96: Product Manufacturing | P96: x | V96: x | AL96: x
A97: DEV.2025.036 | B97: 45995 | C97: QC | L97: x | O97: Temperature Monitoring | V97: x | AK97: x
A98: DEV.2025.037 | B98: 46008 | C98: QC | L98: x | O98: Stability | P98: x
A99: DEV.2025.038 | B99: 46010 | C99: QC | L99: x | O99: Stability | W99: x
A100: DEV.2025.039 | B100: 46020 | C100: QA | N100: x | O100: Product Manufacturing | Q100: x | AO100: X
...

Sheet Deviation Root Cause Trending
A1: Date Today: | B1: =TODAY() -> 46269
A2: Deviation Area | B2: Human Error | C2: Formulation Issue | D2: Material / Consumables Availability | E2: Inadequate Material / Consumables | F2: Communication Issue | G2: Inadequate Planning | H2: Procedure Is Defficient | I2: Equipment Fault - Wear And Tear | J2: Inadequate Storage | K2: No Procedure In Place | L2: Equipment Availability | M2: Training / Skills / Knowledge Issue | N2: Staff Availability | O2: IT/System Issues | P2: Facility Issue | Q2: Environmental Conditions | R2: Validation /Calibration | S2: Gdocp Not Followed | T2: Other
A3: QC Testing | B3: =_xlfn.LET( _xlpm.result, COUNTIFS( 'Deviation RC Data'!$O:$O, $A3, 'Deviation RC Data'!P:P, "x", 'Deviation RC Data'!$B:$B, ">=" & EDATE($B$1, -12), 'Deviation RC Data'!$B:$B, "<=" & $B$1 ), IF(_xlpm.result = 0, "", _xlpm.result) ) | C3: =_xlfn.LET( _xlpm.result, COUNTIFS( 'Deviation RC Data'!$O:$O, $A3, 'Deviation RC Data'!Q:Q, "x", 'Deviation RC Data'!$B:$B, ">=" & EDATE($B$1, -12), 'Deviation RC Data'!$B:$B, "<=" & $B$1 ), IF(_xlpm.result = 0, "", _xlpm.result) ) | D3: =_xlfn.LET( _xlpm.result, COUNTIFS( 'Deviation RC Data'!$O:$O, $A3, 'Deviation RC Data'!R:R, "x", 'Deviation RC Data'!$B:$B, ">=" & EDATE($B$1, -12), 'Deviation RC Data'!$B:$B, "<=" & $B$1 ), IF(_xlpm.result = 0, "", _xlpm.result) ) | E3: =_xlfn.LET( _xlpm.result, COUNTIFS( 'Deviation RC Data'!$O:$O, $A3, 'Deviation RC Data'!S:S, "x", 'Deviation RC Data'!$B:$B, ">=" & EDATE($B$1, -12), 'Deviation RC Data'!$B:$B, "<=" & $B$1 ), IF(_xlpm.result = 0, "", _xlpm.result) ) | F3: =_xlfn.LET( _xlpm.result, COUNTIFS( 'Deviation RC Data'!$O:$O, $A3, 'Deviation RC Data'!T:T, "x", 'Deviation RC Data'!$B:$B, ">=" & EDATE($B$1, -12), 'Deviation RC Data'!$B:$B, "<=" & $B$1 ), IF(_xlpm.result = 0, "", _xlpm.result) ) | G3: =_xlfn.LET( _xlpm.result, COUNTIFS( 'Deviation RC Data'!$O:$O, $A3, 'Deviation RC Data'!U:U, "x", 'Deviation RC Data'!$B:$B, ">=" & EDATE($B$1, -12), 'Deviation RC Data'!$B:$B, "<=" & $B$1 ), IF(_xlpm.result = 0, "", _xlpm.result) ) | H3: =_xlfn.LET( _xlpm.result, COUNTIFS( 'Deviation RC Data'!$O:$O, $A3, 'Deviation RC Data'!V:V, "x", 'Deviation RC Data'!$B:$B, ">=" & EDATE($B$1, -12), 'Deviation RC Data'!$B:$B, "<=" & $B$1 ), IF(_xlpm.result = 0, "", _xlpm.result) ) -> 1 | I3: =_xlfn.LET( _xlpm.result, COUNTIFS( 'Deviation RC Data'!$O:$O, $A3, 'Deviation RC Data'!W:W, "x", 'Deviation RC Data'!$B:$B, ">=" & EDATE($B$1, -12), 'Deviation RC Data'!$B:$B, "<=" & $B$1 ), IF(_xlpm.result = 0, "", _xlpm.result) ) -> 2 | J3: =_xlfn.LET( _xlpm.result, COUNTIFS( 'Deviation RC Data'!$O:$O, $A3, 'Deviation RC Data'!X:X, "x", 'Deviation RC Data'!$B:$B, ">=" & EDATE($B$1, -12), 'Deviation RC Data'!$B:$B, "<=" & $B$1 ), IF(_xlpm.result = 0, "", _xlpm.result) ) | K3: =_xlfn.LET( _xlpm.result, COUNTIFS( 'Deviation RC Data'!$O:$O, $A3, 'Deviation RC Data'!Y:Y, "x", 'Deviation RC Data'!$B:$B, ">=" & EDATE($B$1, -12), 'Deviation RC Data'!$B:$B, "<=" & $B$1 ), IF(_xlpm.result = 0, "", _xlpm.result) ) | L3: =_xlfn.LET( _xlpm.result, COUNTIFS( 'Deviation RC Data'!$O:$O, $A3, 'Deviation RC Data'!Z:Z, "x", 'Deviation RC Data'!$B:$B, ">=" & EDATE($B$1, -12), 'Deviation RC Data'!$B:$B, "<=" & $B$1 ), IF(_xlpm.result = 0, "", _xlpm.result) ) | M3: =_xlfn.LET( _xlpm.result, COUNTIFS( 'Deviation RC Data'!$O:$O, $A3, 'Deviation RC Data'!AA:AA, "x", 'Deviation RC Data'!$B:$B, ">=" & EDATE($B$1, -12), 'Deviation RC Data'!$B:$B, "<=" & $B$1 ), IF(_xlpm.result = 0, "", _xlpm.result) ) | N3: =_xlfn.LET( _xlpm.result, COUNTIFS( 'Deviation RC Data'!$O:$O, $A3, 'Deviation RC Data'!AB:AB, "x", 'Deviation RC Data'!$B:$B, ">=" & EDATE($B$1, -12), 'Deviation RC Data'!$B:$B, "<=" & $B$1 ), IF(_xlpm.result = 0, "", _xlpm.result) ) | O3: =_xlfn.LET( _xlpm.result, COUNTIFS( 'Deviation RC Data'!$O:$O, $A3, 'Deviation RC Data'!AC:AC, "x", 'Deviation RC Data'!$B:$B, ">=" & EDATE($B$1, -12), 'Deviation RC Data'!$B:$B, "<=" & $B$1 ), IF(_xlpm.result = 0, "", _xlpm.result) ) | P3: =_xlfn.LET( _xlpm.result, COUNTIFS( 'Deviation RC Data'!$O:$O, $A3, 'Deviation RC Data'!AD:AD, "x", 'Deviation RC Data'!$B:$B, ">=" & EDATE($B$1, -12), 'Deviation RC Data'!$B:$B, "<=" & $B$1 ), IF(_xlpm.result = 0, "", _xlpm.result) ) | Q3: =_xlfn.LET( _xlpm.result, COUNTIFS( 'Deviation RC Data'!$O:$O, $A3, 'Deviation RC Data'!AE:AE, "x", 'Deviation RC Data'!$B:$B, ">=" & EDATE($B$1, -12), 'Deviation RC Data'!$B:$B, "<=" & $B$1 ), IF(_xlpm.result = 0, "", _xlpm.result) ) | R3: =_xlfn.LET( _xlpm.result, COUNTIFS( 'Deviation RC Data'!$O:$O, $A3, 'Deviation RC Data'!AF:AF, "x", 'Deviation RC Data'!$B:$B, ">=" & EDATE($B$1, -12), 'Deviation RC Data'!$B:$B, "<=" & $B$1 ), IF(_xlpm.result = 0, "", _xlpm.result) ) | S3: =_xlfn.LET( _xlpm.result, COUNTIFS( 'Deviation RC Data'!$O:$O, $A3, 'Deviation RC Data'!AG:AG, "x", 'Deviation RC Data'!$B:$B, ">=" & EDATE($B$1, -12), 'Deviation RC Data'!$B:$B, "<=" & $B$1 ), IF(_xlpm.result = 0, "", _xlpm.result) ) | T3: =_xlfn.LET( _xlpm.result, COUNTIFS( 'Deviation RC Data'!$O:$O, $A3, 'Deviation RC Data'!AH:AH, "x", 'Deviation RC Data'!$B:$B, ">=" & EDATE($B$1, -12), 'Deviation RC Data'!$B:$B, "<=" & $B$1 ), IF(_xlpm.result = 0, "", _xlpm.result) )
A4: QC Samples | B4: =_xlfn.LET( _xlpm.result, COUNTIFS( 'Deviation RC Data'!$O:$O, $A4, 'Deviation RC Data'!P:P, "x", 'Deviation RC Data'!$B:$B, ">=" & EDATE($B$1, -12), 'Deviation RC Data'!$B:$B, "<=" & $B$1 ), IF(_xlpm.result = 0, "", _xlpm.result) ) | C4: =_xlfn.LET( _xlpm.result, COUNTIFS( 'Deviation RC Data'!$O:$O, $A4, 'Deviation RC Data'!Q:Q, "x", 'Deviation RC Data'!$B:$B, ">=" & EDATE($B$1, -12), 'Deviation RC Data'!$B:$B, "<=" & $B$1 ), IF(_xlpm.result = 0, "", _xlpm.result) ) | D4: =_xlfn.LET( _xlpm.result, COUNTIFS( 'Deviation RC Data'!$O:$O, $A4, 'Deviation RC Data'!R:R, "x", 'Deviation RC Data'!$B:$B, ">=" & EDATE($B$1, -12), 'Deviation RC Data'!$B:$B, "<=" & $B$1 ), IF(_xlpm.result = 0, "", _xlpm.result) ) | E4: =_xlfn.LET( _xlpm.result, COUNTIFS( 'Deviation RC Data'!$O:$O, $A4, 'Deviation RC Data'!S:S, "x", 'Deviation RC Data'!$B:$B, ">=" & EDATE($B$1, -12), 'Deviation RC Data'!$B:$B, "<=" & $B$1 ), IF(_xlpm.result = 0, "", _xlpm.result) ) | F4: =_xlfn.LET( _xlpm.result, COUNTIFS( 'Deviation RC Data'!$O:$O, $A4, 'Deviation RC Data'!T:T, "x", 'Deviation RC Data'!$B:$B, ">=" & EDATE($B$1, -12), 'Deviation RC Data'!$B:$B, "<=" & $B$1 ), IF(_xlpm.result = 0, "", _xlpm.result) ) | G4: =_xlfn.LET( _xlpm.result, COUNTIFS( 'Deviation RC Data'!$O:$O, $A4, 'Deviation RC Data'!U:U, "x", 'Deviation RC Data'!$B:$B, ">=" & EDATE($B$1, -12), 'Deviation RC Data'!$B:$B, "<=" & $B$1 ), IF(_xlpm.result = 0, "", _xlpm.result) ) | H4: =_xlfn.LET( _xlpm.result, COUNTIFS( 'Deviation RC Data'!$O:$O, $A4, 'Deviation RC Data'!V:V, "x", 'Deviation RC Data'!$B:$B, ">=" & EDATE($B$1, -12), 'Deviation RC Data'!$B:$B, "<=" & $B$1 ), IF(_xlpm.result = 0, "", _xlpm.result) ) | I4: =_xlfn.LET( _xlpm.result, COUNTIFS( 'Deviation RC Data'!$O:$O, $A4, 'Deviation RC Data'!W:W, "x", 'Deviation RC Data'!$B:$B, ">=" & EDATE($B$1, -12), 'Deviation RC Data'!$B:$B, "<=" & $B$1 ), IF(_xlpm.result = 0, "", _xlpm.result) ) -> 1 | J4: =_xlfn.LET( _xlpm.result, COUNTIFS( 'Deviation RC Data'!$O:$O, $A4, 'Deviation RC Data'!X:X, "x", 'Deviation RC Data'!$B:$B, ">=" & EDATE($B$1, -12), 'Deviation RC Data'!$B:$B, "<=" & $B$1 ), IF(_xlpm.result = 0, "", _xlpm.result) ) | K4: =_xlfn.LET( _xlpm.result, COUNTIFS( 'Deviation RC Data'!$O:$O, $A4, 'Deviation RC Data'!Y:Y, "x", 'Deviation RC Data'!$B:$B, ">=" & EDATE($B$1, -12), 'Deviation RC Data'!$B:$B, "<=" & $B$1 ), IF(_xlpm.result = 0, "", _xlpm.result) ) | L4: =_xlfn.LET( _xlpm.result, COUNTIFS( 'Deviation RC Data'!$O:$O, $A4, 'Deviation RC Data'!Z:Z, "x", 'Deviation RC Data'!$B:$B, ">=" & EDATE($B$1, -12), 'Deviation RC Data'!$B:$B, "<=" & $B$1 ), IF(_xlpm.result = 0, "", _xlpm.result) ) | M4: =_xlfn.LET( _xlpm.result, COUNTIFS( 'Deviation RC Data'!$O:$O, $A4, 'Deviation RC Data'!AA:AA, "x", 'Deviation RC Data'!$B:$B, ">=" & EDATE($B$1, -12), 'Deviation RC Data'!$B:$B, "<=" & $B$1 ), IF(_xlpm.result = 0, "", _xlpm.result) ) | N4: =_xlfn.LET( _xlpm.result, COUNTIFS( 'Deviation RC Data'!$O:$O, $A4, 'Deviation RC Data'!AB:AB, "x", 'Deviation RC Data'!$B:$B, ">=" & EDATE($B$1, -12), 'Deviation RC Data'!$B:$B, "<=" & $B$1 ), IF(_xlpm.result = 0, "", _xlpm.result) ) | O4: =_xlfn.LET( _xlpm.result, COUNTIFS( 'Deviation RC Data'!$O:$O, $A4, 'Deviation RC Data'!AC:AC, "x", 'Deviation RC Data'!$B:$B, ">=" & EDATE($B$1, -12), 'Deviation RC Data'!$B:$B, "<=" & $B$1 ), IF(_xlpm.result = 0, "", _xlpm.result) ) | P4: =_xlfn.LET( _xlpm.result, COUNTIFS( 'Deviation RC Data'!$O:$O, $A4, 'Deviation RC Data'!AD:AD, "x", 'Deviation RC Data'!$B:$B, ">=" & EDATE($B$1, -12), 'Deviation RC Data'!$B:$B, "<=" & $B$1 ), IF(_xlpm.result = 0, "", _xlpm.result) ) | Q4: =_xlfn.LET( _xlpm.result, COUNTIFS( 'Deviation RC Data'!$O:$O, $A4, 'Deviation RC Data'!AE:AE, "x", 'Deviation RC Data'!$B:$B, ">=" & EDATE($B$1, -12), 'Deviation RC Data'!$B:$B, "<=" & $B$1 ), IF(_xlpm.result = 0, "", _xlpm.result) ) | R4: =_xlfn.LET( _xlpm.result, COUNTIFS( 'Deviation RC Data'!$O:$O, $A4, 'Deviation RC Data'!AF:AF, "x", 'Deviation RC Data'!$B:$B, ">=" & EDATE($B$1, -12), 'Deviation RC Data'!$B:$B, "<=" & $B$1 ), IF(_xlpm.result = 0, "", _xlpm.result) ) | S4: =_xlfn.LET( _xlpm.result, COUNTIFS( 'Deviation RC Data'!$O:$O, $A4, 'Deviation RC Data'!AG:AG, "x", 'Deviation RC Data'!$B:$B, ">=" & EDATE($B$1, -12), 'Deviation RC Data'!$B:$B, "<=" & $B$1 ), IF(_xlpm.result = 0, "", _xlpm.result) ) | T4: =_xlfn.LET( _xlpm.result, COUNTIFS( 'Deviation RC Data'!$O:$O, $A4, 'Deviation RC Data'!AH:AH, "x", 'Deviation RC Data'!$B:$B, ">=" & EDATE($B$1, -12), 'Deviation RC Data'!$B:$B, "<=" & $B$1 ), IF(_xlpm.result = 0, "", _xlpm.result) ) -> 1
A5: QC Annual Performance Qualification | B5: =_xlfn.LET( _xlpm.result, COUNTIFS( 'Deviation RC Data'!$O:$O, $A5, 'Deviation RC Data'!P:P, "x", 'Deviation RC Data'!$B:$B, ">=" & EDATE($B$1, -12), 'Deviation RC Data'!$B:$B, "<=" & $B$1 ), IF(_xlpm.result = 0, "", _xlpm.result) ) | C5: =_xlfn.LET( _xlpm.result, COUNTIFS( 'Deviation RC Data'!$O:$O, $A5, 'Deviation RC Data'!Q:Q, "x", 'Deviation RC Data'!$B:$B, ">=" & EDATE($B$1, -12), 'Deviation RC Data'!$B:$B, "<=" & $B$1 ), IF(_xlpm.result = 0, "", _xlpm.result) ) | D5: =_xlfn.LET( _xlpm.result, COUNTIFS( 'Deviation RC Data'!$O:$O, $A5, 'Deviation RC Data'!R:R, "x", 'Deviation RC Data'!$B:$B, ">=" & EDATE($B$1, -12), 'Deviation RC Data'!$B:$B, "<=" & $B$1 ), IF(_xlpm.result = 0, "", _xlpm.result) ) | E5: =_xlfn.LET( _xlpm.result, COUNTIFS( 'Deviation RC Data'!$O:$O, $A5, 'Deviation RC Data'!S:S, "x", 'Deviation RC Data'!$B:$B, ">=" & EDATE($B$1, -12), 'Deviation RC Data'!$B:$B, "<=" & $B$1 ), IF(_xlpm.result = 0, "", _xlpm.result) ) | F5: =_xlfn.LET( _xlpm.result, COUNTIFS( 'Deviation RC Data'!$O:$O, $A5, 'Deviation RC Data'!T:T, "x", 'Deviation RC Data'!$B:$B, ">=" & EDATE($B$1, -12), 'Deviation RC Data'!$B:$B, "<=" & $B$1 ), IF(_xlpm.result = 0, "", _xlpm.result) ) | G5: =_xlfn.LET( _xlpm.result, COUNTIFS( 'Deviation RC Data'!$O:$O, $A5, 'Deviation RC Data'!U:U, "x", 'Deviation RC Data'!$B:$B, ">=" & EDATE($B$1, -12), 'Deviation RC Data'!$B:$B, "<=" & $B$1 ), IF(_xlpm.result = 0, "", _xlpm.result) ) | H5: =_xlfn.LET( _xlpm.result, COUNTIFS( 'Deviation RC Data'!$O:$O, $A5, 'Deviation RC Data'!V:V, "x", 'Deviation RC Data'!$B:$B, ">=" & EDATE($B$1, -12), 'Deviation RC Data'!$B:$B, "<=" & $B$1 ), IF(_xlpm.result = 0, "", _xlpm.result) ) | I5: =_xlfn.LET( _xlpm.result, COUNTIFS( 'Deviation RC Data'!$O:$O, $A5, 'Deviation RC Data'!W:W, "x", 'Deviation RC Data'!$B:$B, ">=" & EDATE($B$1, -12), 'Deviation RC Data'!$B:$B, "<=" & $B$1 ), IF(_xlpm.result = 0, "", _xlpm.result) ) | J5: =_xlfn.LET( _xlpm.result, COUNTIFS( 'Deviation RC Data'!$O:$O, $A5, 'Deviation RC Data'!X:X, "x", 'Deviation RC Data'!$B:$B, ">=" & EDATE($B$1, -12), 'Deviation RC Data'!$B:$B, "<=" & $B$1 ), IF(_xlpm.result = 0, "", _xlpm.result) ) | K5: =_xlfn.LET( _xlpm.result, COUNTIFS( 'Deviation RC Data'!$O:$O, $A5, 'Deviation RC Data'!Y:Y, "x", 'Deviation RC Data'!$B:$B, ">=" & EDATE($B$1, -12), 'Deviation RC Data'!$B:$B, "<=" & $B$1 ), IF(_xlpm.result = 0, "", _xlpm.result) ) | L5: =_xlfn.LET( _xlpm.result, COUNTIFS( 'Deviation RC Data'!$O:$O, $A5, 'Deviation RC Data'!Z:Z, "x", 'Deviation RC Data'!$B:$B, ">=" & EDATE($B$1, -12), 'Deviation RC Data'!$B:$B, "<=" & $B$1 ), IF(_xlpm.result = 0, "", _xlpm.result) ) | M5: =_xlfn.LET( _xlpm.result, COUNTIFS( 'Deviation RC Data'!$O:$O, $A5, 'Deviation RC Data'!AA:AA, "x", 'Deviation RC Data'!$B:$B, ">=" & EDATE($B$1, -12), 'Deviation RC Data'!$B:$B, "<=" & $B$1 ), IF(_xlpm.result = 0, "", _xlpm.result) ) | N5: =_xlfn.LET( _xlpm.result, COUNTIFS( 'Deviation RC Data'!$O:$O, $A5, 'Deviation RC Data'!AB:AB, "x", 'Deviation RC Data'!$B:$B, ">=" & EDATE($B$1, -12), 'Deviation RC Data'!$B:$B, "<=" & $B$1 ), IF(_xlpm.result = 0, "", _xlpm.result) ) | O5: =_xlfn.LET( _xlpm.result, COUNTIFS( 'Deviation RC Data'!$O:$O, $A5, 'Deviation RC Data'!AC:AC, "x", 'Deviation RC Data'!$B:$B, ">=" & EDATE($B$1, -12), 'Deviation RC Data'!$B:$B, "<=" & $B$1 ), IF(_xlpm.result = 0, "", _xlpm.result) ) | P5: =_xlfn.LET( _xlpm.result, COUNTIFS( 'Deviation RC Data'!$O:$O, $A5, 'Deviation RC Data'!AD:AD, "x", 'Deviation RC Data'!$B:$B, ">=" & EDATE($B$1, -12), 'Deviation RC Data'!$B:$B, "<=" & $B$1 ), IF(_xlpm.result = 0, "", _xlpm.result) ) | Q5: =_xlfn.LET( _xlpm.result, COUNTIFS( 'Deviation RC Data'!$O:$O, $A5, 'Deviation RC Data'!AE:AE, "x", 'Deviation RC Data'!$B:$B, ">=" & EDATE($B$1, -12), 'Deviation RC Data'!$B:$B, "<=" & $B$1 ), IF(_xlpm.result = 0, "", _xlpm.result) ) | R5: =_xlfn.LET( _xlpm.result, COUNTIFS( 'Deviation RC Data'!$O:$O, $A5, 'Deviation RC Data'!AF:AF, "x", 'Deviation RC Data'!$B:$B, ">=" & EDATE($B$1, -12), 'Deviation RC Data'!$B:$B, "<=" & $B$1 ), IF(_xlpm.result = 0, "", _xlpm.result) ) | S5: =_xlfn.LET( _xlpm.result, COUNTIFS( 'Deviation RC Data'!$O:$O, $A5, 'Deviation RC Data'!AG:AG, "x", 'Deviation RC Data'!$B:$B, ">=" & EDATE($B$1, -12), 'Deviation RC Data'!$B:$B, "<=" & $B$1 ), IF(_xlpm.result = 0, "", _xlpm.result) ) | T5: =_xlfn.LET( _xlpm.result, COUNTIFS( 'Deviation RC Data'!$O:$O, $A5, 'Deviation RC Data'!AH:AH, "x", 'Deviation RC Data'!$B:$B, ">=" & EDATE($B$1, -12), 'Deviation RC Data'!$B:$B, "<=" & $B$1 ), IF(_xlpm.result = 0, "", _xlpm.result) )
A6: QC Standards | B6: =_xlfn.LET( _xlpm.result, COUNTIFS( 'Deviation RC Data'!$O:$O, $A6, 'Deviation RC Data'!P:P, "x", 'Deviation RC Data'!$B:$B, ">=" & EDATE($B$1, -12), 'Deviation RC Data'!$B:$B, "<=" & $B$1 ), IF(_xlpm.result = 0, "", _xlpm.result) ) | C6: =_xlfn.LET( _xlpm.result, COUNTIFS( 'Deviation RC Data'!$O:$O, $A6, 'Deviation RC Data'!Q:Q, "x", 'Deviation RC Data'!$B:$B, ">=" & EDATE($B$1, -12), 'Deviation RC Data'!$B:$B, "<=" & $B$1 ), IF(_xlpm.result = 0, "", _xlpm.result) ) | D6: =_xlfn.LET( _xlpm.result, COUNTIFS( 'Deviation RC Data'!$O:$O, $A6, 'Deviation RC Data'!R:R, "x", 'Deviation RC Data'!$B:$B, ">=" & EDATE($B$1, -12), 'Deviation RC Data'!$B:$B, "<=" & $B$1 ), IF(_xlpm.result = 0, "", _xlpm.result) ) | E6: =_xlfn.LET( _xlpm.result, COUNTIFS( 'Deviation RC Data'!$O:$O, $A6, 'Deviation RC Data'!S:S, "x", 'Deviation RC Data'!$B:$B, ">=" & EDATE($B$1, -12), 'Deviation RC Data'!$B:$B, "<=" & $B$1 ), IF(_xlpm.result = 0, "", _xlpm.result) ) | F6: =_xlfn.LET( _xlpm.result, COUNTIFS( 'Deviation RC Data'!$O:$O, $A6, 'Deviation RC Data'!T:T, "x", 'Deviation RC Data'!$B:$B, ">=" & EDATE($B$1, -12), 'Deviation RC Data'!$B:$B, "<=" & $B$1 ), IF(_xlpm.result = 0, "", _xlpm.result) ) | G6: =_xlfn.LET( _xlpm.result, COUNTIFS( 'Deviation RC Data'!$O:$O, $A6, 'Deviation RC Data'!U:U, "x", 'Deviation RC Data'!$B:$B, ">=" & EDATE($B$1, -12), 'Deviation RC Data'!$B:$B, "<=" & $B$1 ), IF(_xlpm.result = 0, "", _xlpm.result) ) | H6: =_xlfn.LET( _xlpm.result, COUNTIFS( 'Deviation RC Data'!$O:$O, $A6, 'Deviation RC Data'!V:V, "x", 'Deviation RC Data'!$B:$B, ">=" & EDATE($B$1, -12), 'Deviation RC Data'!$B:$B, "<=" & $B$1 ), IF(_xlpm.result = 0, "", _xlpm.result) ) | I6: =_xlfn.LET( _xlpm.result, COUNTIFS( 'Deviation RC Data'!$O:$O, $A6, 'Deviation RC Data'!W:W, "x", 'Deviation RC Data'!$B:$B, ">=" & EDATE($B$1, -12), 'Deviation RC Data'!$B:$B, "<=" & $B$1 ), IF(_xlpm.result = 0, "", _xlpm.result) ) | J6: =_xlfn.LET( _xlpm.result, COUNTIFS( 'Deviation RC Data'!$O:$O, $A6, 'Deviation RC Data'!X:X, "x", 'Deviation RC Data'!$B:$B, ">=" & EDATE($B$1, -12), 'Deviation RC Data'!$B:$B, "<=" & $B$1 ), IF(_xlpm.result = 0, "", _xlpm.result) ) | K6: =_xlfn.LET( _xlpm.result, COUNTIFS( 'Deviation RC Data'!$O:$O, $A6, 'Deviation RC Data'!Y:Y, "x", 'Deviation RC Data'!$B:$B, ">=" & EDATE($B$1, -12), 'Deviation RC Data'!$B:$B, "<=" & $B$1 ), IF(_xlpm.result = 0, "", _xlpm.result) ) | L6: =_xlfn.LET( _xlpm.result, COUNTIFS( 'Deviation RC Data'!$O:$O, $A6, 'Deviation RC Data'!Z:Z, "x", 'Deviation RC Data'!$B:$B, ">=" & EDATE($B$1, -12), 'Deviation RC Data'!$B:$B, "<=" & $B$1 ), IF(_xlpm.result = 0, "", _xlpm.result) ) | M6: =_xlfn.LET( _xlpm.result, COUNTIFS( 'Deviation RC Data'!$O:$O, $A6, 'Deviation RC Data'!AA:AA, "x", 'Deviation RC Data'!$B:$B, ">=" & EDATE($B$1, -12), 'Deviation RC Data'!$B:$B, "<=" & $B$1 ), IF(_xlpm.result = 0, "", _xlpm.result) ) | N6: =_xlfn.LET( _xlpm.result, COUNTIFS( 'Deviation RC Data'!$O:$O, $A6, 'Deviation RC Data'!AB:AB, "x", 'Deviation RC Data'!$B:$B, ">=" & EDATE($B$1, -12), 'Deviation RC Data'!$B:$B, "<=" & $B$1 ), IF(_xlpm.result = 0, "", _xlpm.result) ) | O6: =_xlfn.LET( _xlpm.result, COUNTIFS( 'Deviation RC Data'!$O:$O, $A6, 'Deviation RC Data'!AC:AC, "x", 'Deviation RC Data'!$B:$B, ">=" & EDATE($B$1, -12), 'Deviation RC Data'!$B:$B, "<=" & $B$1 ), IF(_xlpm.result = 0, "", _xlpm.result) ) | P6: =_xlfn.LET( _xlpm.result, COUNTIFS( 'Deviation RC Data'!$O:$O, $A6, 'Deviation RC Data'!AD:AD, "x", 'Deviation RC Data'!$B:$B, ">=" & EDATE($B$1, -12), 'Deviation RC Data'!$B:$B, "<=" & $B$1 ), IF(_xlpm.result = 0, "", _xlpm.result) ) | Q6: =_xlfn.LET( _xlpm.result, COUNTIFS( 'Deviation RC Data'!$O:$O, $A6, 'Deviation RC Data'!AE:AE, "x", 'Deviation RC Data'!$B:$B, ">=" & EDATE($B$1, -12), 'Deviation RC Data'!$B:$B, "<=" & $B$1 ), IF(_xlpm.result = 0, "", _xlpm.result) ) | R6: =_xlfn.LET( _xlpm.result, COUNTIFS( 'Deviation RC Data'!$O:$O, $A6, 'Deviation RC Data'!AF:AF, "x", 'Deviation RC Data'!$B:$B, ">=" & EDATE($B$1, -12), 'Deviation RC Data'!$B:$B, "<=" & $B$1 ), IF(_xlpm.result = 0, "", _xlpm.result) ) | S6: =_xlfn.LET( _xlpm.result, COUNTIFS( 'Deviation RC Data'!$O:$O, $A6, 'Deviation RC Data'!AG:AG, "x", 'Deviation RC Data'!$B:$B, ">=" & EDATE($B$1, -12), 'Deviation RC Data'!$B:$B, "<=" & $B$1 ), IF(_xlpm.result = 0, "", _xlpm.result) ) | T6: =_xlfn.LET( _xlpm.result, COUNTIFS( 'Deviation RC Data'!$O:$O, $A6, 'Deviation RC Data'!AH:AH, "x", 'Deviation RC Data'!$B:$B, ">=" & EDATE($B$1, -12), 'Deviation RC Data'!$B:$B, "<=" & $B$1 ), IF(_xlpm.result = 0, "", _xlpm.result) )
A7: Internal Audits | B7: =_xlfn.LET( _xlpm.result, COUNTIFS( 'Deviation RC Data'!$O:$O, $A7, 'Deviation RC Data'!P:P, "x", 'Deviation RC Data'!$B:$B, ">=" & EDATE($B$1, -12), 'Deviation RC Data'!$B:$B, "<=" & $B$1 ), IF(_xlpm.result = 0, "", _xlpm.result) ) | C7: =_xlfn.LET( _xlpm.result, COUNTIFS( 'Deviation RC Data'!$O:$O, $A7, 'Deviation RC Data'!Q:Q, "x", 'Deviation RC Data'!$B:$B, ">=" & EDATE($B$1, -12), 'Deviation RC Data'!$B:$B, "<=" & $B$1 ), IF(_xlpm.result = 0, "", _xlpm.result) ) | D7: =_xlfn.LET( _xlpm.result, COUNTIFS( 'Deviation RC Data'!$O:$O, $A7, 'Deviation RC Data'!R:R, "x", 'Deviation RC Data'!$B:$B, ">=" & EDATE($B$1, -12), 'Deviation RC Data'!$B:$B, "<=" & $B$1 ), IF(_xlpm.result = 0, "", _xlpm.result) ) | E7: =_xlfn.LET( _xlpm.result, COUNTIFS( 'Deviation RC Data'!$O:$O, $A7, 'Deviation RC Data'!S:S, "x", 'Deviation RC Data'!$B:$B, ">=" & EDATE($B$1, -12), 'Deviation RC Data'!$B:$B, "<=" & $B$1 ), IF(_xlpm.result = 0, "", _xlpm.result) ) | F7: =_xlfn.LET( _xlpm.result, COUNTIFS( 'Deviation RC Data'!$O:$O, $A7, 'Deviation RC Data'!T:T, "x", 'Deviation RC Data'!$B:$B, ">=" & EDATE($B$1, -12), 'Deviation RC Data'!$B:$B, "<=" & $B$1 ), IF(_xlpm.result = 0, "", _xlpm.result) ) | G7: =_xlfn.LET( _xlpm.result, COUNTIFS( 'Deviation RC Data'!$O:$O, $A7, 'Deviation RC Data'!U:U, "x", 'Deviation RC Data'!$B:$B, ">=" & EDATE($B$1, -12), 'Deviation RC Data'!$B:$B, "<=" & $B$1 ), IF(_xlpm.result = 0, "", _xlpm.result) ) | H7: =_xlfn.LET( _xlpm.result, COUNTIFS( 'Deviation RC Data'!$O:$O, $A7, 'Deviation RC Data'!V:V, "x", 'Deviation RC Data'!$B:$B, ">=" & EDATE($B$1, -12), 'Deviation RC Data'!$B:$B, "<=" & $B$1 ), IF(_xlpm.result = 0, "", _xlpm.result) ) | I7: =_xlfn.LET( _xlpm.result, COUNTIFS( 'Deviation RC Data'!$O:$O, $A7, 'Deviation RC Data'!W:W, "x", 'Deviation RC Data'!$B:$B, ">=" & EDATE($B$1, -12), 'Deviation RC Data'!$B:$B, "<=" & $B$1 ), IF(_xlpm.result = 0, "", _xlpm.result) ) | J7: =_xlfn.LET( _xlpm.result, COUNTIFS( 'Deviation RC Data'!$O:$O, $A7, 'Deviation RC Data'!X:X, "x", 'Deviation RC Data'!$B:$B, ">=" & EDATE($B$1, -12), 'Deviation RC Data'!$B:$B, "<=" & $B$1 ), IF(_xlpm.result = 0, "", _xlpm.result) ) | K7: =_xlfn.LET( _xlpm.result, COUNTIFS( 'Deviation RC Data'!$O:$O, $A7, 'Deviation RC Data'!Y:Y, "x", 'Deviation RC Data'!$B:$B, ">=" & EDATE($B$1, -12), 'Deviation RC Data'!$B:$B, "<=" & $B$1 ), IF(_xlpm.result = 0, "", _xlpm.result) ) | L7: =_xlfn.LET( _xlpm.result, COUNTIFS( 'Deviation RC Data'!$O:$O, $A7, 'Deviation RC Data'!Z:Z, "x", 'Deviation RC Data'!$B:$B, ">=" & EDATE($B$1, -12), 'Deviation RC Data'!$B:$B, "<=" & $B$1 ), IF(_xlpm.result = 0, "", _xlpm.result) ) | M7: =_xlfn.LET( _xlpm.result, COUNTIFS( 'Deviation RC Data'!$O:$O, $A7, 'Deviation RC Data'!AA:AA, "x", 'Deviation RC Data'!$B:$B, ">=" & EDATE($B$1, -12), 'Deviation RC Data'!$B:$B, "<=" & $B$1 ), IF(_xlpm.result = 0, "", _xlpm.result) ) | N7: =_xlfn.LET( _xlpm.result, COUNTIFS( 'Deviation RC Data'!$O:$O, $A7, 'Deviation RC Data'!AB:AB, "x", 'Deviation RC Data'!$B:$B, ">=" & EDATE($B$1, -12), 'Deviation RC Data'!$B:$B, "<=" & $B$1 ), IF(_xlpm.result = 0, "", _xlpm.result) ) | O7: =_xlfn.LET( _xlpm.result, COUNTIFS( 'Deviation RC Data'!$O:$O, $A7, 'Deviation RC Data'!AC:AC, "x", 'Deviation RC Data'!$B:$B, ">=" & EDATE($B$1, -12), 'Deviation RC Data'!$B:$B, "<=" & $B$1 ), IF(_xlpm.result = 0, "", _xlpm.result) ) | P7: =_xlfn.LET( _xlpm.result, COUNTIFS( 'Deviation RC Data'!$O:$O, $A7, 'Deviation RC Data'!AD:AD, "x", 'Deviation RC Data'!$B:$B, ">=" & EDATE($B$1, -12), 'Deviation RC Data'!$B:$B, "<=" & $B$1 ), IF(_xlpm.result = 0, "", _xlpm.result) ) | Q7: =_xlfn.LET( _xlpm.result, COUNTIFS( 'Deviation RC Data'!$O:$O, $A7, 'Deviation RC Data'!AE:AE, "x", 'Deviation RC Data'!$B:$B, ">=" & EDATE($B$1, -12), 'Deviation RC Data'!$B:$B, "<=" & $B$1 ), IF(_xlpm.result = 0, "", _xlpm.result) ) | R7: =_xlfn.LET( _xlpm.result, COUNTIFS( 'Deviation RC Data'!$O:$O, $A7, 'Deviation RC Data'!AF:AF, "x", 'Deviation RC Data'!$B:$B, ">=" & EDATE($B$1, -12), 'Deviation RC Data'!$B:$B, "<=" & $B$1 ), IF(_xlpm.result = 0, "", _xlpm.result) ) | S7: =_xlfn.LET( _xlpm.result, COUNTIFS( 'Deviation RC Data'!$O:$O, $A7, 'Deviation RC Data'!AG:AG, "x", 'Deviation RC Data'!$B:$B, ">=" & EDATE($B$1, -12), 'Deviation RC Data'!$B:$B, "<=" & $B$1 ), IF(_xlpm.result = 0, "", _xlpm.result) ) | T7: =_xlfn.LET( _xlpm.result, COUNTIFS( 'Deviation RC Data'!$O:$O, $A7, 'Deviation RC Data'!AH:AH, "x", 'Deviation RC Data'!$B:$B, ">=" & EDATE($B$1, -12), 'Deviation RC Data'!$B:$B, "<=" & $B$1 ), IF(_xlpm.result = 0, "", _xlpm.result) )
A8: Third Party Product Release | B8: =_xlfn.LET( _xlpm.result, COUNTIFS( 'Deviation RC Data'!$O:$O, $A8, 'Deviation RC Data'!P:P, "x", 'Deviation RC Data'!$B:$B, ">=" & EDATE($B$1, -12), 'Deviation RC Data'!$B:$B, "<=" & $B$1 ), IF(_xlpm.result = 0, "", _xlpm.result) ) | C8: =_xlfn.LET( _xlpm.result, COUNTIFS( 'Deviation RC Data'!$O:$O, $A8, 'Deviation RC Data'!Q:Q, "x", 'Deviation RC Data'!$B:$B, ">=" & EDATE($B$1, -12), 'Deviation RC Data'!$B:$B, "<=" & $B$1 ), IF(_xlpm.result = 0, "", _xlpm.result) ) | D8: =_xlfn.LET( _xlpm.result, COUNTIFS( 'Deviation RC Data'!$O:$O, $A8, 'Deviation RC Data'!R:R, "x", 'Deviation RC Data'!$B:$B, ">=" & EDATE($B$1, -12), 'Deviation RC Data'!$B:$B, "<=" & $B$1 ), IF(_xlpm.result = 0, "", _xlpm.result) ) | E8: =_xlfn.LET( _xlpm.result, COUNTIFS( 'Deviation RC Data'!$O:$O, $A8, 'Deviation RC Data'!S:S, "x", 'Deviation RC Data'!$B:$B, ">=" & EDATE($B$1, -12), 'Deviation RC Data'!$B:$B, "<=" & $B$1 ), IF(_xlpm.result = 0, "", _xlpm.result) ) | F8: =_xlfn.LET( _xlpm.result, COUNTIFS( 'Deviation RC Data'!$O:$O, $A8, 'Deviation RC Data'!T:T, "x", 'Deviation RC Data'!$B:$B, ">=" & EDATE($B$1, -12), 'Deviation RC Data'!$B:$B, "<=" & $B$1 ), IF(_xlpm.result = 0, "", _xlpm.result) ) | G8: =_xlfn.LET( _xlpm.result, COUNTIFS( 'Deviation RC Data'!$O:$O, $A8, 'Deviation RC Data'!U:U, "x", 'Deviation RC Data'!$B:$B, ">=" & EDATE($B$1, -12), 'Deviation RC Data'!$B:$B, "<=" & $B$1 ), IF(_xlpm.result = 0, "", _xlpm.result) ) | H8: =_xlfn.LET( _xlpm.result, COUNTIFS( 'Deviation RC Data'!$O:$O, $A8, 'Deviation RC Data'!V:V, "x", 'Deviation RC Data'!$B:$B, ">=" & EDATE($B$1, -12), 'Deviation RC Data'!$B:$B, "<=" & $B$1 ), IF(_xlpm.result = 0, "", _xlpm.result) ) | I8: =_xlfn.LET( _xlpm.result, COUNTIFS( 'Deviation RC Data'!$O:$O, $A8, 'Deviation RC Data'!W:W, "x", 'Deviation RC Data'!$B:$B, ">=" & EDATE($B$1, -12), 'Deviation RC Data'!$B:$B, "<=" & $B$1 ), IF(_xlpm.result = 0, "", _xlpm.result) ) | J8: =_xlfn.LET( _xlpm.result, COUNTIFS( 'Deviation RC Data'!$O:$O, $A8, 'Deviation RC Data'!X:X, "x", 'Deviation RC Data'!$B:$B, ">=" & EDATE($B$1, -12), 'Deviation RC Data'!$B:$B, "<=" & $B$1 ), IF(_xlpm.result = 0, "", _xlpm.result) ) | K8: =_xlfn.LET( _xlpm.result, COUNTIFS( 'Deviation RC Data'!$O:$O, $A8, 'Deviation RC Data'!Y:Y, "x", 'Deviation RC Data'!$B:$B, ">=" & EDATE($B$1, -12), 'Deviation RC Data'!$B:$B, "<=" & $B$1 ), IF(_xlpm.result = 0, "", _xlpm.result) ) | L8: =_xlfn.LET( _xlpm.result, COUNTIFS( 'Deviation RC Data'!$O:$O, $A8, 'Deviation RC Data'!Z:Z, "x", 'Deviation RC Data'!$B:$B, ">=" & EDATE($B$1, -12), 'Deviation RC Data'!$B:$B, "<=" & $B$1 ), IF(_xlpm.result = 0, "", _xlpm.result) ) | M8: =_xlfn.LET( _xlpm.result, COUNTIFS( 'Deviation RC Data'!$O:$O, $A8, 'Deviation RC Data'!AA:AA, "x", 'Deviation RC Data'!$B:$B, ">=" & EDATE($B$1, -12), 'Deviation RC Data'!$B:$B, "<=" & $B$1 ), IF(_xlpm.result = 0, "", _xlpm.result) ) | N8: =_xlfn.LET( _xlpm.result, COUNTIFS( 'Deviation RC Data'!$O:$O, $A8, 'Deviation RC Data'!AB:AB, "x", 'Deviation RC Data'!$B:$B, ">=" & EDATE($B$1, -12), 'Deviation RC Data'!$B:$B, "<=" & $B$1 ), IF(_xlpm.result = 0, "", _xlpm.result) ) | O8: =_xlfn.LET( _xlpm.result, COUNTIFS( 'Deviation RC Data'!$O:$O, $A8, 'Deviation RC Data'!AC:AC, "x", 'Deviation RC Data'!$B:$B, ">=" & EDATE($B$1, -12), 'Deviation RC Data'!$B:$B, "<=" & $B$1 ), IF(_xlpm.result = 0, "", _xlpm.result) ) | P8: =_xlfn.LET( _xlpm.result, COUNTIFS( 'Deviation RC Data'!$O:$O, $A8, 'Deviation RC Data'!AD:AD, "x", 'Deviation RC Data'!$B:$B, ">=" & EDATE($B$1, -12), 'Deviation RC Data'!$B:$B, "<=" & $B$1 ), IF(_xlpm.result = 0, "", _xlpm.result) ) | Q8: =_xlfn.LET( _xlpm.result, COUNTIFS( 'Deviation RC Data'!$O:$O, $A8, 'Deviation RC Data'!AE:AE, "x", 'Deviation RC Data'!$B:$B, ">=" & EDATE($B$1, -12), 'Deviation RC Data'!$B:$B, "<=" & $B$1 ), IF(_xlpm.result = 0, "", _xlpm.result) ) | R8: =_xlfn.LET( _xlpm.result, COUNTIFS( 'Deviation RC Data'!$O:$O, $A8, 'Deviation RC Data'!AF:AF, "x", 'Deviation RC Data'!$B:$B, ">=" & EDATE($B$1, -12), 'Deviation RC Data'!$B:$B, "<=" & $B$1 ), IF(_xlpm.result = 0, "", _xlpm.result) ) | S8: =_xlfn.LET( _xlpm.result, COUNTIFS( 'Deviation RC Data'!$O:$O, $A8, 'Deviation RC Data'!AG:AG, "x", 'Deviation RC Data'!$B:$B, ">=" & EDATE($B$1, -12), 'Deviation RC Data'!$B:$B, "<=" & $B$1 ), IF(_xlpm.result = 0, "", _xlpm.result) ) | T8: =_xlfn.LET( _xlpm.result, COUNTIFS( 'Deviation RC Data'!$O:$O, $A8, 'Deviation RC Data'!AH:AH, "x", 'Deviation RC Data'!$B:$B, ">=" & EDATE($B$1, -12), 'Deviation RC Data'!$B:$B, "<=" & $B$1 ), IF(_xlpm.result = 0, "", _xlpm.result) )
A9: Product Processing | B9: =_xlfn.LET( _xlpm.result, COUNTIFS( 'Deviation RC Data'!$O:$O, $A9, 'Deviation RC Data'!P:P, "x", 'Deviation RC Data'!$B:$B, ">=" & EDATE($B$1, -12), 'Deviation RC Data'!$B:$B, "<=" & $B$1 ), IF(_xlpm.result = 0, "", _xlpm.result) ) | C9: =_xlfn.LET( _xlpm.result, COUNTIFS( 'Deviation RC Data'!$O:$O, $A9, 'Deviation RC Data'!Q:Q, "x", 'Deviation RC Data'!$B:$B, ">=" & EDATE($B$1, -12), 'Deviation RC Data'!$B:$B, "<=" & $B$1 ), IF(_xlpm.result = 0, "", _xlpm.result) ) | D9: =_xlfn.LET( _xlpm.result, COUNTIFS( 'Deviation RC Data'!$O:$O, $A9, 'Deviation RC Data'!R:R, "x", 'Deviation RC Data'!$B:$B, ">=" & EDATE($B$1, -12), 'Deviation RC Data'!$B:$B, "<=" & $B$1 ), IF(_xlpm.result = 0, "", _xlpm.result) ) | E9: =_xlfn.LET( _xlpm.result, COUNTIFS( 'Deviation RC Data'!$O:$O, $A9, 'Deviation RC Data'!S:S, "x", 'Deviation RC Data'!$B:$B, ">=" & EDATE($B$1, -12), 'Deviation RC Data'!$B:$B, "<=" & $B$1 ), IF(_xlpm.result = 0, "", _xlpm.result) ) | F9: =_xlfn.LET( _xlpm.result, COUNTIFS( 'Deviation RC Data'!$O:$O, $A9, 'Deviation RC Data'!T:T, "x", 'Deviation RC Data'!$B:$B, ">=" & EDATE($B$1, -12), 'Deviation RC Data'!$B:$B, "<=" & $B$1 ), IF(_xlpm.result = 0, "", _xlpm.result) ) | G9: =_xlfn.LET( _xlpm.result, COUNTIFS( 'Deviation RC Data'!$O:$O, $A9, 'Deviation RC Data'!U:U, "x", 'Deviation RC Data'!$B:$B, ">=" & EDATE($B$1, -12), 'Deviation RC Data'!$B:$B, "<=" & $B$1 ), IF(_xlpm.result = 0, "", _xlpm.result) ) | H9: =_xlfn.LET( _xlpm.result, COUNTIFS( 'Deviation RC Data'!$O:$O, $A9, 'Deviation RC Data'!V:V, "x", 'Deviation RC Data'!$B:$B, ">=" & EDATE($B$1, -12), 'Deviation RC Data'!$B:$B, "<=" & $B$1 ), IF(_xlpm.result = 0, "", _xlpm.result) ) | I9: =_xlfn.LET( _xlpm.result, COUNTIFS( 'Deviation RC Data'!$O:$O, $A9, 'Deviation RC Data'!W:W, "x", 'Deviation RC Data'!$B:$B, ">=" & EDATE($B$1, -12), 'Deviation RC Data'!$B:$B, "<=" & $B$1 ), IF(_xlpm.result = 0, "", _xlpm.result) ) | J9: =_xlfn.LET( _xlpm.result, COUNTIFS( 'Deviation RC Data'!$O:$O, $A9, 'Deviation RC Data'!X:X, "x", 'Deviation RC Data'!$B:$B, ">=" & EDATE($B$1, -12), 'Deviation RC Data'!$B:$B, "<=" & $B$1 ), IF(_xlpm.result = 0, "", _xlpm.result) ) | K9: =_xlfn.LET( _xlpm.result, COUNTIFS( 'Deviation RC Data'!$O:$O, $A9, 'Deviation RC Data'!Y:Y, "x", 'Deviation RC Data'!$B:$B, ">=" & EDATE($B$1, -12), 'Deviation RC Data'!$B:$B, "<=" & $B$1 ), IF(_xlpm.result = 0, "", _xlpm.result) ) | L9: =_xlfn.LET( _xlpm.result, COUNTIFS( 'Deviation RC Data'!$O:$O, $A9, 'Deviation RC Data'!Z:Z, "x", 'Deviation RC Data'!$B:$B, ">=" & EDATE($B$1, -12), 'Deviation RC Data'!$B:$B, "<=" & $B$1 ), IF(_xlpm.result = 0, "", _xlpm.result) ) | M9: =_xlfn.LET( _xlpm.result, COUNTIFS( 'Deviation RC Data'!$O:$O, $A9, 'Deviation RC Data'!AA:AA, "x", 'Deviation RC Data'!$B:$B, ">=" & EDATE($B$1, -12), 'Deviation RC Data'!$B:$B, "<=" & $B$1 ), IF(_xlpm.result = 0, "", _xlpm.result) ) | N9: =_xlfn.LET( _xlpm.result, COUNTIFS( 'Deviation RC Data'!$O:$O, $A9, 'Deviation RC Data'!AB:AB, "x", 'Deviation RC Data'!$B:$B, ">=" & EDATE($B$1, -12), 'Deviation RC Data'!$B:$B, "<=" & $B$1 ), IF(_xlpm.result = 0, "", _xlpm.result) ) | O9: =_xlfn.LET( _xlpm.result, COUNTIFS( 'Deviation RC Data'!$O:$O, $A9, 'Deviation RC Data'!AC:AC, "x", 'Deviation RC Data'!$B:$B, ">=" & EDATE($B$1, -12), 'Deviation RC Data'!$B:$B, "<=" & $B$1 ), IF(_xlpm.result = 0, "", _xlpm.result) ) | P9: =_xlfn.LET( _xlpm.result, COUNTIFS( 'Deviation RC Data'!$O:$O, $A9, 'Deviation RC Data'!AD:AD, "x", 'Deviation RC Data'!$B:$B, ">=" & EDATE($B$1, -12), 'Deviation RC Data'!$B:$B, "<=" & $B$1 ), IF(_xlpm.result = 0, "", _xlpm.result) ) | Q9: =_xlfn.LET( _xlpm.result, COUNTIFS( 'Deviation RC Data'!$O:$O, $A9, 'Deviation RC Data'!AE:AE, "x", 'Deviation RC Data'!$B:$B, ">=" & EDATE($B$1, -12), 'Deviation RC Data'!$B:$B, "<=" & $B$1 ), IF(_xlpm.result = 0, "", _xlpm.result) ) | R9: =_xlfn.LET( _xlpm.result, COUNTIFS( 'Deviation RC Data'!$O:$O, $A9, 'Deviation RC Data'!AF:AF, "x", 'Deviation RC Data'!$B:$B, ">=" & EDATE($B$1, -12), 'Deviation RC Data'!$B:$B, "<=" & $B$1 ), IF(_xlpm.result = 0, "", _xlpm.result) ) | S9: =_xlfn.LET( _xlpm.result, COUNTIFS( 'Deviation RC Data'!$O:$O, $A9, 'Deviation RC Data'!AG:AG, "x", 'Deviation RC Data'!$B:$B, ">=" & EDATE($B$1, -12), 'Deviation RC Data'!$B:$B, "<=" & $B$1 ), IF(_xlpm.result = 0, "", _xlpm.result) ) | T9: =_xlfn.LET( _xlpm.result, COUNTIFS( 'Deviation RC Data'!$O:$O, $A9, 'Deviation RC Data'!AH:AH, "x", 'Deviation RC Data'!$B:$B, ">=" & EDATE($B$1, -12), 'Deviation RC Data'!$B:$B, "<=" & $B$1 ), IF(_xlpm.result = 0, "", _xlpm.result) )
A10: Product Manufacturing | B10: =_xlfn.LET( _xlpm.result, COUNTIFS( 'Deviation RC Data'!$O:$O, $A10, 'Deviation RC Data'!P:P, "x", 'Deviation RC Data'!$B:$B, ">=" & EDATE($B$1, -12), 'Deviation RC Data'!$B:$B, "<=" & $B$1 ), IF(_xlpm.result = 0, "", _xlpm.result) ) -> 3 | C10: =_xlfn.LET( _xlpm.result, COUNTIFS( 'Deviation RC Data'!$O:$O, $A10, 'Deviation RC Data'!Q:Q, "x", 'Deviation RC Data'!$B:$B, ">=" & EDATE($B$1, -12), 'Deviation RC Data'!$B:$B, "<=" & $B$1 ), IF(_xlpm.result = 0, "", _xlpm.result) ) -> 1 | D10: =_xlfn.LET( _xlpm.result, COUNTIFS( 'Deviation RC Data'!$O:$O, $A10, 'Deviation RC Data'!R:R, "x", 'Deviation RC Data'!$B:$B, ">=" & EDATE($B$1, -12), 'Deviation RC Data'!$B:$B, "<=" & $B$1 ), IF(_xlpm.result = 0, "", _xlpm.result) ) | E10: =_xlfn.LET( _xlpm.result, COUNTIFS( 'Deviation RC Data'!$O:$O, $A10, 'Deviation RC Data'!S:S, "x", 'Deviation RC Data'!$B:$B, ">=" & EDATE($B$1, -12), 'Deviation RC Data'!$B:$B, "<=" & $B$1 ), IF(_xlpm.result = 0, "", _xlpm.result) ) | F10: =_xlfn.LET( _xlpm.result, COUNTIFS( 'Deviation RC Data'!$O:$O, $A10, 'Deviation RC Data'!T:T, "x", 'Deviation RC Data'!$B:$B, ">=" & EDATE($B$1, -12), 'Deviation RC Data'!$B:$B, "<=" & $B$1 ), IF(_xlpm.result = 0, "", _xlpm.result) ) | G10: =_xlfn.LET( _xlpm.result, COUNTIFS( 'Deviation RC Data'!$O:$O, $A10, 'Deviation RC Data'!U:U, "x", 'Deviation RC Data'!$B:$B, ">=" & EDATE($B$1, -12), 'Deviation RC Data'!$B:$B, "<=" & $B$1 ), IF(_xlpm.result = 0, "", _xlpm.result) ) | H10: =_xlfn.LET( _xlpm.result, COUNTIFS( 'Deviation RC Data'!$O:$O, $A10, 'Deviation RC Data'!V:V, "x", 'Deviation RC Data'!$B:$B, ">=" & EDATE($B$1, -12), 'Deviation RC Data'!$B:$B, "<=" & $B$1 ), IF(_xlpm.result = 0, "", _xlpm.result) ) -> 4 | I10: =_xlfn.LET( _xlpm.result, COUNTIFS( 'Deviation RC Data'!$O:$O, $A10, 'Deviation RC Data'!W:W, "x", 'Deviation RC Data'!$B:$B, ">=" & EDATE($B$1, -12), 'Deviation RC Data'!$B:$B, "<=" & $B$1 ), IF(_xlpm.result = 0, "", _xlpm.result) ) | J10: =_xlfn.LET( _xlpm.result, COUNTIFS( 'Deviation RC Data'!$O:$O, $A10, 'Deviation RC Data'!X:X, "x", 'Deviation RC Data'!$B:$B, ">=" & EDATE($B$1, -12), 'Deviation RC Data'!$B:$B, "<=" & $B$1 ), IF(_xlpm.result = 0, "", _xlpm.result) ) | K10: =_xlfn.LET( _xlpm.result, COUNTIFS( 'Deviation RC Data'!$O:$O, $A10, 'Deviation RC Data'!Y:Y, "x", 'Deviation RC Data'!$B:$B, ">=" & EDATE($B$1, -12), 'Deviation RC Data'!$B:$B, "<=" & $B$1 ), IF(_xlpm.result = 0, "", _xlpm.result) ) -> 1 | L10: =_xlfn.LET( _xlpm.result, COUNTIFS( 'Deviation RC Data'!$O:$O, $A10, 'Deviation RC Data'!Z:Z, "x", 'Deviation RC Data'!$B:$B, ">=" & EDATE($B$1, -12), 'Deviation RC Data'!$B:$B, "<=" & $B$1 ), IF(_xlpm.result = 0, "", _xlpm.result) ) | M10: =_xlfn.LET( _xlpm.result, COUNTIFS( 'Deviation RC Data'!$O:$O, $A10, 'Deviation RC Data'!AA:AA, "x", 'Deviation RC Data'!$B:$B, ">=" & EDATE($B$1, -12), 'Deviation RC Data'!$B:$B, "<=" & $B$1 ), IF(_xlpm.result = 0, "", _xlpm.result) ) | N10: =_xlfn.LET( _xlpm.result, COUNTIFS( 'Deviation RC Data'!$O:$O, $A10, 'Deviation RC Data'!AB:AB, "x", 'Deviation RC Data'!$B:$B, ">=" & EDATE($B$1, -12), 'Deviation RC Data'!$B:$B, "<=" & $B$1 ), IF(_xlpm.result = 0, "", _xlpm.result) ) | O10: =_xlfn.LET( _xlpm.result, COUNTIFS( 'Deviation RC Data'!$O:$O, $A10, 'Deviation RC Data'!AC:AC, "x", 'Deviation RC Data'!$B:$B, ">=" & EDATE($B$1, -12), 'Deviation RC Data'!$B:$B, "<=" & $B$1 ), IF(_xlpm.result = 0, "", _xlpm.result) ) | P10: =_xlfn.LET( _xlpm.result, COUNTIFS( 'Deviation RC Data'!$O:$O, $A10, 'Deviation RC Data'!AD:AD, "x", 'Deviation RC Data'!$B:$B, ">=" & EDATE($B$1, -12), 'Deviation RC Data'!$B:$B, "<=" & $B$1 ), IF(_xlpm.result = 0, "", _xlpm.result) ) | Q10: =_xlfn.LET( _xlpm.result, COUNTIFS( 'Deviation RC Data'!$O:$O, $A10, 'Deviation RC Data'!AE:AE, "x", 'Deviation RC Data'!$B:$B, ">=" & EDATE($B$1, -12), 'Deviation RC Data'!$B:$B, "<=" & $B$1 ), IF(_xlpm.result = 0, "", _xlpm.result) ) | R10: =_xlfn.LET( _xlpm.result, COUNTIFS( 'Deviation RC Data'!$O:$O, $A10, 'Deviation RC Data'!AF:AF, "x", 'Deviation RC Data'!$B:$B, ">=" & EDATE($B$1, -12), 'Deviation RC Data'!$B:$B, "<=" & $B$1 ), IF(_xlpm.result = 0, "", _xlpm.result) ) | S10: =_xlfn.LET( _xlpm.result, COUNTIFS( 'Deviation RC Data'!$O:$O, $A10, 'Deviation RC Data'!AG:AG, "x", 'Deviation RC Data'!$B:$B, ">=" & EDATE($B$1, -12), 'Deviation RC Data'!$B:$B, "<=" & $B$1 ), IF(_xlpm.result = 0, "", _xlpm.result) ) | T10: =_xlfn.LET( _xlpm.result, COUNTIFS( 'Deviation RC Data'!$O:$O, $A10, 'Deviation RC Data'!AH:AH, "x", 'Deviation RC Data'!$B:$B, ">=" & EDATE($B$1, -12), 'Deviation RC Data'!$B:$B, "<=" & $B$1 ), IF(_xlpm.result = 0, "", _xlpm.result) )
A11: Temperature Excursion | B11: =_xlfn.LET( _xlpm.result, COUNTIFS( 'Deviation RC Data'!$O:$O, $A11, 'Deviation RC Data'!P:P, "x", 'Deviation RC Data'!$B:$B, ">=" & EDATE($B$1, -12), 'Deviation RC Data'!$B:$B, "<=" & $B$1 ), IF(_xlpm.result = 0, "", _xlpm.result) ) | C11: =_xlfn.LET( _xlpm.result, COUNTIFS( 'Deviation RC Data'!$O:$O, $A11, 'Deviation RC Data'!Q:Q, "x", 'Deviation RC Data'!$B:$B, ">=" & EDATE($B$1, -12), 'Deviation RC Data'!$B:$B, "<=" & $B$1 ), IF(_xlpm.result = 0, "", _xlpm.result) ) | D11: =_xlfn.LET( _xlpm.result, COUNTIFS( 'Deviation RC Data'!$O:$O, $A11, 'Deviation RC Data'!R:R, "x", 'Deviation RC Data'!$B:$B, ">=" & EDATE($B$1, -12), 'Deviation RC Data'!$B:$B, "<=" & $B$1 ), IF(_xlpm.result = 0, "", _xlpm.result) ) | E11: =_xlfn.LET( _xlpm.result, COUNTIFS( 'Deviation RC Data'!$O:$O, $A11, 'Deviation RC Data'!S:S, "x", 'Deviation RC Data'!$B:$B, ">=" & EDATE($B$1, -12), 'Deviation RC Data'!$B:$B, "<=" & $B$1 ), IF(_xlpm.result = 0, "", _xlpm.result) ) | F11: =_xlfn.LET( _xlpm.result, COUNTIFS( 'Deviation RC Data'!$O:$O, $A11, 'Deviation RC Data'!T:T, "x", 'Deviation RC Data'!$B:$B, ">=" & EDATE($B$1, -12), 'Deviation RC Data'!$B:$B, "<=" & $B$1 ), IF(_xlpm.result = 0, "", _xlpm.result) ) | G11: =_xlfn.LET( _xlpm.result, COUNTIFS( 'Deviation RC Data'!$O:$O, $A11, 'Deviation RC Data'!U:U, "x", 'Deviation RC Data'!$B:$B, ">=" & EDATE($B$1, -12), 'Deviation RC Data'!$B:$B, "<=" & $B$1 ), IF(_xlpm.result = 0, "", _xlpm.result) ) | H11: =_xlfn.LET( _xlpm.result, COUNTIFS( 'Deviation RC Data'!$O:$O, $A11, 'Deviation RC Data'!V:V, "x", 'Deviation RC Data'!$B:$B, ">=" & EDATE($B$1, -12), 'Deviation RC Data'!$B:$B, "<=" & $B$1 ), IF(_xlpm.result = 0, "", _xlpm.result) ) | I11: =_xlfn.LET( _xlpm.result, COUNTIFS( 'Deviation RC Data'!$O:$O, $A11, 'Deviation RC Data'!W:W, "x", 'Deviation RC Data'!$B:$B, ">=" & EDATE($B$1, -12), 'Deviation RC Data'!$B:$B, "<=" & $B$1 ), IF(_xlpm.result = 0, "", _xlpm.result) ) -> 1 | J11: =_xlfn.LET( _xlpm.result, COUNTIFS( 'Deviation RC Data'!$O:$O, $A11, 'Deviation RC Data'!X:X, "x", 'Deviation RC Data'!$B:$B, ">=" & EDATE($B$1, -12), 'Deviation RC Data'!$B:$B, "<=" & $B$1 ), IF(_xlpm.result = 0, "", _xlpm.result) ) | K11: =_xlfn.LET( _xlpm.result, COUNTIFS( 'Deviation RC Data'!$O:$O, $A11, 'Deviation RC Data'!Y:Y, "x", 'Deviation RC Data'!$B:$B, ">=" & EDATE($B$1, -12), 'Deviation RC Data'!$B:$B, "<=" & $B$1 ), IF(_xlpm.result = 0, "", _xlpm.result) ) | L11: =_xlfn.LET( _xlpm.result, COUNTIFS( 'Deviation RC Data'!$O:$O, $A11, 'Deviation RC Data'!Z:Z, "x", 'Deviation RC Data'!$B:$B, ">=" & EDATE($B$1, -12), 'Deviation RC Data'!$B:$B, "<=" & $B$1 ), IF(_xlpm.result = 0, "", _xlpm.result) ) | M11: =_xlfn.LET( _xlpm.result, COUNTIFS( 'Deviation RC Data'!$O:$O, $A11, 'Deviation RC Data'!AA:AA, "x", 'Deviation RC Data'!$B:$B, ">=" & EDATE($B$1, -12), 'Deviation RC Data'!$B:$B, "<=" & $B$1 ), IF(_xlpm.result = 0, "", _xlpm.result) ) | N11: =_xlfn.LET( _xlpm.result, COUNTIFS( 'Deviation RC Data'!$O:$O, $A11, 'Deviation RC Data'!AB:AB, "x", 'Deviation RC Data'!$B:$B, ">=" & EDATE($B$1, -12), 'Deviation RC Data'!$B:$B, "<=" & $B$1 ), IF(_xlpm.result = 0, "", _xlpm.result) ) | O11: =_xlfn.LET( _xlpm.result, COUNTIFS( 'Deviation RC Data'!$O:$O, $A11, 'Deviation RC Data'!AC:AC, "x", 'Deviation RC Data'!$B:$B, ">=" & EDATE($B$1, -12), 'Deviation RC Data'!$B:$B, "<=" & $B$1 ), IF(_xlpm.result = 0, "", _xlpm.result) ) | P11: =_xlfn.LET( _xlpm.result, COUNTIFS( 'Deviation RC Data'!$O:$O, $A11, 'Deviation RC Data'!AD:AD, "x", 'Deviation RC Data'!$B:$B, ">=" & EDATE($B$1, -12), 'Deviation RC Data'!$B:$B, "<=" & $B$1 ), IF(_xlpm.result = 0, "", _xlpm.result) ) | Q11: =_xlfn.LET( _xlpm.result, COUNTIFS( 'Deviation RC Data'!$O:$O, $A11, 'Deviation RC Data'!AE:AE, "x", 'Deviation RC Data'!$B:$B, ">=" & EDATE($B$1, -12), 'Deviation RC Data'!$B:$B, "<=" & $B$1 ), IF(_xlpm.result = 0, "", _xlpm.result) ) | R11: =_xlfn.LET( _xlpm.result, COUNTIFS( 'Deviation RC Data'!$O:$O, $A11, 'Deviation RC Data'!AF:AF, "x", 'Deviation RC Data'!$B:$B, ">=" & EDATE($B$1, -12), 'Deviation RC Data'!$B:$B, "<=" & $B$1 ), IF(_xlpm.result = 0, "", _xlpm.result) ) | S11: =_xlfn.LET( _xlpm.result, COUNTIFS( 'Deviation RC Data'!$O:$O, $A11, 'Deviation RC Data'!AG:AG, "x", 'Deviation RC Data'!$B:$B, ">=" & EDATE($B$1, -12), 'Deviation RC Data'!$B:$B, "<=" & $B$1 ), IF(_xlpm.result = 0, "", _xlpm.result) ) | T11: =_xlfn.LET( _xlpm.result, COUNTIFS( 'Deviation RC Data'!$O:$O, $A11, 'Deviation RC Data'!AH:AH, "x", 'Deviation RC Data'!$B:$B, ">=" & EDATE($B$1, -12), 'Deviation RC Data'!$B:$B, "<=" & $B$1 ), IF(_xlpm.result = 0, "", _xlpm.result) )
A12: Labelling | B12: =_xlfn.LET( _xlpm.result, COUNTIFS( 'Deviation RC Data'!$O:$O, $A12, 'Deviation RC Data'!P:P, "x", 'Deviation RC Data'!$B:$B, ">=" & EDATE($B$1, -12), 'Deviation RC Data'!$B:$B, "<=" & $B$1 ), IF(_xlpm.result = 0, "", _xlpm.result) ) -> 1 | C12: =_xlfn.LET( _xlpm.result, COUNTIFS( 'Deviation RC Data'!$O:$O, $A12, 'Deviation RC Data'!Q:Q, "x", 'Deviation RC Data'!$B:$B, ">=" & EDATE($B$1, -12), 'Deviation RC Data'!$B:$B, "<=" & $B$1 ), IF(_xlpm.result = 0, "", _xlpm.result) ) | D12: =_xlfn.LET( _xlpm.result, COUNTIFS( 'Deviation RC Data'!$O:$O, $A12, 'Deviation RC Data'!R:R, "x", 'Deviation RC Data'!$B:$B, ">=" & EDATE($B$1, -12), 'Deviation RC Data'!$B:$B, "<=" & $B$1 ), IF(_xlpm.result = 0, "", _xlpm.result) ) | E12: =_xlfn.LET( _xlpm.result, COUNTIFS( 'Deviation RC Data'!$O:$O, $A12, 'Deviation RC Data'!S:S, "x", 'Deviation RC Data'!$B:$B, ">=" & EDATE($B$1, -12), 'Deviation RC Data'!$B:$B, "<=" & $B$1 ), IF(_xlpm.result = 0, "", _xlpm.result) ) | F12: =_xlfn.LET( _xlpm.result, COUNTIFS( 'Deviation RC Data'!$O:$O, $A12, 'Deviation RC Data'!T:T, "x", 'Deviation RC Data'!$B:$B, ">=" & EDATE($B$1, -12), 'Deviation RC Data'!$B:$B, "<=" & $B$1 ), IF(_xlpm.result = 0, "", _xlpm.result) ) | G12: =_xlfn.LET( _xlpm.result, COUNTIFS( 'Deviation RC Data'!$O:$O, $A12, 'Deviation RC Data'!U:U, "x", 'Deviation RC Data'!$B:$B, ">=" & EDATE($B$1, -12), 'Deviation RC Data'!$B:$B, "<=" & $B$1 ), IF(_xlpm.result = 0, "", _xlpm.result) ) | H12: =_xlfn.LET( _xlpm.result, COUNTIFS( 'Deviation RC Data'!$O:$O, $A12, 'Deviation RC Data'!V:V, "x", 'Deviation RC Data'!$B:$B, ">=" & EDATE($B$1, -12), 'Deviation RC Data'!$B:$B, "<=" & $B$1 ), IF(_xlpm.result = 0, "", _xlpm.result) ) -> 2 | I12: =_xlfn.LET( _xlpm.result, COUNTIFS( 'Deviation RC Data'!$O:$O, $A12, 'Deviation RC Data'!W:W, "x", 'Deviation RC Data'!$B:$B, ">=" & EDATE($B$1, -12), 'Deviation RC Data'!$B:$B, "<=" & $B$1 ), IF(_xlpm.result = 0, "", _xlpm.result) ) | J12: =_xlfn.LET( _xlpm.result, COUNTIFS( 'Deviation RC Data'!$O:$O, $A12, 'Deviation RC Data'!X:X, "x", 'Deviation RC Data'!$B:$B, ">=" & EDATE($B$1, -12), 'Deviation RC Data'!$B:$B, "<=" & $B$1 ), IF(_xlpm.result = 0, "", _xlpm.result) ) | K12: =_xlfn.LET( _xlpm.result, COUNTIFS( 'Deviation RC Data'!$O:$O, $A12, 'Deviation RC Data'!Y:Y, "x", 'Deviation RC Data'!$B:$B, ">=" & EDATE($B$1, -12), 'Deviation RC Data'!$B:$B, "<=" & $B$1 ), IF(_xlpm.result = 0, "", _xlpm.result) ) | L12: =_xlfn.LET( _xlpm.result, COUNTIFS( 'Deviation RC Data'!$O:$O, $A12, 'Deviation RC Data'!Z:Z, "x", 'Deviation RC Data'!$B:$B, ">=" & EDATE($B$1, -12), 'Deviation RC Data'!$B:$B, "<=" & $B$1 ), IF(_xlpm.result = 0, "", _xlpm.result) ) | M12: =_xlfn.LET( _xlpm.result, COUNTIFS( 'Deviation RC Data'!$O:$O, $A12, 'Deviation RC Data'!AA:AA, "x", 'Deviation RC Data'!$B:$B, ">=" & EDATE($B$1, -12), 'Deviation RC Data'!$B:$B, "<=" & $B$1 ), IF(_xlpm.result = 0, "", _xlpm.result) ) | N12: =_xlfn.LET( _xlpm.result, COUNTIFS( 'Deviation RC Data'!$O:$O, $A12, 'Deviation RC Data'!AB:AB, "x", 'Deviation RC Data'!$B:$B, ">=" & EDATE($B$1, -12), 'Deviation RC Data'!$B:$B, "<=" & $B$1 ), IF(_xlpm.result = 0, "", _xlpm.result) ) | O12: =_xlfn.LET( _xlpm.result, COUNTIFS( 'Deviation RC Data'!$O:$O, $A12, 'Deviation RC Data'!AC:AC, "x", 'Deviation RC Data'!$B:$B, ">=" & EDATE($B$1, -12), 'Deviation RC Data'!$B:$B, "<=" & $B$1 ), IF(_xlpm.result = 0, "", _xlpm.result) ) | P12: =_xlfn.LET( _xlpm.result, COUNTIFS( 'Deviation RC Data'!$O:$O, $A12, 'Deviation RC Data'!AD:AD, "x", 'Deviation RC Data'!$B:$B, ">=" & EDATE($B$1, -12), 'Deviation RC Data'!$B:$B, "<=" & $B$1 ), IF(_xlpm.result = 0, "", _xlpm.result) ) | Q12: =_xlfn.LET( _xlpm.result, COUNTIFS( 'Deviation RC Data'!$O:$O, $A12, 'Deviation RC Data'!AE:AE, "x", 'Deviation RC Data'!$B:$B, ">=" & EDATE($B$1, -12), 'Deviation RC Data'!$B:$B, "<=" & $B$1 ), IF(_xlpm.result = 0, "", _xlpm.result) ) | R12: =_xlfn.LET( _xlpm.result, COUNTIFS( 'Deviation RC Data'!$O:$O, $A12, 'Deviation RC Data'!AF:AF, "x", 'Deviation RC Data'!$B:$B, ">=" & EDATE($B$1, -12), 'Deviation RC Data'!$B:$B, "<=" & $B$1 ), IF(_xlpm.result = 0, "", _xlpm.result) ) | S12: =_xlfn.LET( _xlpm.result, COUNTIFS( 'Deviation RC Data'!$O:$O, $A12, 'Deviation RC Data'!AG:AG, "x", 'Deviation RC Data'!$B:$B, ">=" & EDATE($B$1, -12), 'Deviation RC Data'!$B:$B, "<=" & $B$1 ), IF(_xlpm.result = 0, "", _xlpm.result) ) | T12: =_xlfn.LET( _xlpm.result, COUNTIFS( 'Deviation RC Data'!$O:$O, $A12, 'Deviation RC Data'!AH:AH, "x", 'Deviation RC Data'!$B:$B, ">=" & EDATE($B$1, -12), 'Deviation RC Data'!$B:$B, "<=" & $B$1 ), IF(_xlpm.result = 0, "", _xlpm.result) )
A13: Cleaning | B13: =_xlfn.LET( _xlpm.result, COUNTIFS( 'Deviation RC Data'!$O:$O, $A13, 'Deviation RC Data'!P:P, "x", 'Deviation RC Data'!$B:$B, ">=" & EDATE($B$1, -12), 'Deviation RC Data'!$B:$B, "<=" & $B$1 ), IF(_xlpm.result = 0, "", _xlpm.result) ) | C13: =_xlfn.LET( _xlpm.result, COUNTIFS( 'Deviation RC Data'!$O:$O, $A13, 'Deviation RC Data'!Q:Q, "x", 'Deviation RC Data'!$B:$B, ">=" & EDATE($B$1, -12), 'Deviation RC Data'!$B:$B, "<=" & $B$1 ), IF(_xlpm.result = 0, "", _xlpm.result) ) | D13: =_xlfn.LET( _xlpm.result, COUNTIFS( 'Deviation RC Data'!$O:$O, $A13, 'Deviation RC Data'!R:R, "x", 'Deviation RC Data'!$B:$B, ">=" & EDATE($B$1, -12), 'Deviation RC Data'!$B:$B, "<=" & $B$1 ), IF(_xlpm.result = 0, "", _xlpm.result) ) | E13: =_xlfn.LET( _xlpm.result, COUNTIFS( 'Deviation RC Data'!$O:$O, $A13, 'Deviation RC Data'!S:S, "x", 'Deviation RC Data'!$B:$B, ">=" & EDATE($B$1, -12), 'Deviation RC Data'!$B:$B, "<=" & $B$1 ), IF(_xlpm.result = 0, "", _xlpm.result) ) | F13: =_xlfn.LET( _xlpm.result, COUNTIFS( 'Deviation RC Data'!$O:$O, $A13, 'Deviation RC Data'!T:T, "x", 'Deviation RC Data'!$B:$B, ">=" & EDATE($B$1, -12), 'Deviation RC Data'!$B:$B, "<=" & $B$1 ), IF(_xlpm.result = 0, "", _xlpm.result) ) | G13: =_xlfn.LET( _xlpm.result, COUNTIFS( 'Deviation RC Data'!$O:$O, $A13, 'Deviation RC Data'!U:U, "x", 'Deviation RC Data'!$B:$B, ">=" & EDATE($B$1, -12), 'Deviation RC Data'!$B:$B, "<=" & $B$1 ), IF(_xlpm.result = 0, "", _xlpm.result) ) | H13: =_xlfn.LET( _xlpm.result, COUNTIFS( 'Deviation RC Data'!$O:$O, $A13, 'Deviation RC Data'!V:V, "x", 'Deviation RC Data'!$B:$B, ">=" & EDATE($B$1, -12), 'Deviation RC Data'!$B:$B, "<=" & $B$1 ), IF(_xlpm.result = 0, "", _xlpm.result) ) | I13: =_xlfn.LET( _xlpm.result, COUNTIFS( 'Deviation RC Data'!$O:$O, $A13, 'Deviation RC Data'!W:W, "x", 'Deviation RC Data'!$B:$B, ">=" & EDATE($B$1, -12), 'Deviation RC Data'!$B:$B, "<=" & $B$1 ), IF(_xlpm.result = 0, "", _xlpm.result) ) | J13: =_xlfn.LET( _xlpm.result, COUNTIFS( 'Deviation RC Data'!$O:$O, $A13, 'Deviation RC Data'!X:X, "x", 'Deviation RC Data'!$B:$B, ">=" & EDATE($B$1, -12), 'Deviation RC Data'!$B:$B, "<=" & $B$1 ), IF(_xlpm.result = 0, "", _xlpm.result) ) | K13: =_xlfn.LET( _xlpm.result, COUNTIFS( 'Deviation RC Data'!$O:$O, $A13, 'Deviation RC Data'!Y:Y, "x", 'Deviation RC Data'!$B:$B, ">=" & EDATE($B$1, -12), 'Deviation RC Data'!$B:$B, "<=" & $B$1 ), IF(_xlpm.result = 0, "", _xlpm.result) ) | L13: =_xlfn.LET( _xlpm.result, COUNTIFS( 'Deviation RC Data'!$O:$O, $A13, 'Deviation RC Data'!Z:Z, "x", 'Deviation RC Data'!$B:$B, ">=" & EDATE($B$1, -12), 'Deviation RC Data'!$B:$B, "<=" & $B$1 ), IF(_xlpm.result = 0, "", _xlpm.result) ) | M13: =_xlfn.LET( _xlpm.result, COUNTIFS( 'Deviation RC Data'!$O:$O, $A13, 'Deviation RC Data'!AA:AA, "x", 'Deviation RC Data'!$B:$B, ">=" & EDATE($B$1, -12), 'Deviation RC Data'!$B:$B, "<=" & $B$1 ), IF(_xlpm.result = 0, "", _xlpm.result) ) | N13: =_xlfn.LET( _xlpm.result, COUNTIFS( 'Deviation RC Data'!$O:$O, $A13, 'Deviation RC Data'!AB:AB, "x", 'Deviation RC Data'!$B:$B, ">=" & EDATE($B$1, -12), 'Deviation RC Data'!$B:$B, "<=" & $B$1 ), IF(_xlpm.result = 0, "", _xlpm.result) ) | O13: =_xlfn.LET( _xlpm.result, COUNTIFS( 'Deviation RC Data'!$O:$O, $A13, 'Deviation RC Data'!AC:AC, "x", 'Deviation RC Data'!$B:$B, ">=" & EDATE($B$1, -12), 'Deviation RC Data'!$B:$B, "<=" & $B$1 ), IF(_xlpm.result = 0, "", _xlpm.result) ) | P13: =_xlfn.LET( _xlpm.result, COUNTIFS( 'Deviation RC Data'!$O:$O, $A13, 'Deviation RC Data'!AD:AD, "x", 'Deviation RC Data'!$B:$B, ">=" & EDATE($B$1, -12), 'Deviation RC Data'!$B:$B, "<=" & $B$1 ), IF(_xlpm.result = 0, "", _xlpm.result) ) | Q13: =_xlfn.LET( _xlpm.result, COUNTIFS( 'Deviation RC Data'!$O:$O, $A13, 'Deviation RC Data'!AE:AE, "x", 'Deviation RC Data'!$B:$B, ">=" & EDATE($B$1, -12), 'Deviation RC Data'!$B:$B, "<=" & $B$1 ), IF(_xlpm.result = 0, "", _xlpm.result) ) | R13: =_xlfn.LET( _xlpm.result, COUNTIFS( 'Deviation RC Data'!$O:$O, $A13, 'Deviation RC Data'!AF:AF, "x", 'Deviation RC Data'!$B:$B, ">=" & EDATE($B$1, -12), 'Deviation RC Data'!$B:$B, "<=" & $B$1 ), IF(_xlpm.result = 0, "", _xlpm.result) ) | S13: =_xlfn.LET( _xlpm.result, COUNTIFS( 'Deviation RC Data'!$O:$O, $A13, 'Deviation RC Data'!AG:AG, "x", 'Deviation RC Data'!$B:$B, ">=" & EDATE($B$1, -12), 'Deviation RC Data'!$B:$B, "<=" & $B$1 ), IF(_xlpm.result = 0, "", _xlpm.result) ) | T13: =_xlfn.LET( _xlpm.result, COUNTIFS( 'Deviation RC Data'!$O:$O, $A13, 'Deviation RC Data'!AH:AH, "x", 'Deviation RC Data'!$B:$B, ">=" & EDATE($B$1, -12), 'Deviation RC Data'!$B:$B, "<=" & $B$1 ), IF(_xlpm.result = 0, "", _xlpm.result) )
A14: Documentation | B14: =_xlfn.LET( _xlpm.result, COUNTIFS( 'Deviation RC Data'!$O:$O, $A14, 'Deviation RC Data'!P:P, "x", 'Deviation RC Data'!$B:$B, ">=" & EDATE($B$1, -12), 'Deviation RC Data'!$B:$B, "<=" & $B$1 ), IF(_xlpm.result = 0, "", _xlpm.result) ) | C14: =_xlfn.LET( _xlpm.result, COUNTIFS( 'Deviation RC Data'!$O:$O, $A14, 'Deviation RC Data'!Q:Q, "x", 'Deviation RC Data'!$B:$B, ">=" & EDATE($B$1, -12), 'Deviation RC Data'!$B:$B, "<=" & $B$1 ), IF(_xlpm.result = 0, "", _xlpm.result) ) | D14: =_xlfn.LET( _xlpm.result, COUNTIFS( 'Deviation RC Data'!$O:$O, $A14, 'Deviation RC Data'!R:R, "x", 'Deviation RC Data'!$B:$B, ">=" & EDATE($B$1, -12), 'Deviation RC Data'!$B:$B, "<=" & $B$1 ), IF(_xlpm.result = 0, "", _xlpm.result) ) | E14: =_xlfn.LET( _xlpm.result, COUNTIFS( 'Deviation RC Data'!$O:$O, $A14, 'Deviation RC Data'!S:S, "x", 'Deviation RC Data'!$B:$B, ">=" & EDATE($B$1, -12), 'Deviation RC Data'!$B:$B, "<=" & $B$1 ), IF(_xlpm.result = 0, "", _xlpm.result) ) | F14: =_xlfn.LET( _xlpm.result, COUNTIFS( 'Deviation RC Data'!$O:$O, $A14, 'Deviation RC Data'!T:T, "x", 'Deviation RC Data'!$B:$B, ">=" & EDATE($B$1, -12), 'Deviation RC Data'!$B:$B, "<=" & $B$1 ), IF(_xlpm.result = 0, "", _xlpm.result) ) -> 2 | G14: =_xlfn.LET( _xlpm.result, COUNTIFS( 'Deviation RC Data'!$O:$O, $A14, 'Deviation RC Data'!U:U, "x", 'Deviation RC Data'!$B:$B, ">=" & EDATE($B$1, -12), 'Deviation RC Data'!$B:$B, "<=" & $B$1 ), IF(_xlpm.result = 0, "", _xlpm.result) ) | H14: =_xlfn.LET( _xlpm.result, COUNTIFS( 'Deviation RC Data'!$O:$O, $A14, 'Deviation RC Data'!V:V, "x", 'Deviation RC Data'!$B:$B, ">=" & EDATE($B$1, -12), 'Deviation RC Data'!$B:$B, "<=" & $B$1 ), IF(_xlpm.result = 0, "", _xlpm.result) ) -> 2 | I14: =_xlfn.LET( _xlpm.result, COUNTIFS( 'Deviation RC Data'!$O:$O, $A14, 'Deviation RC Data'!W:W, "x", 'Deviation RC Data'!$B:$B, ">=" & EDATE($B$1, -12), 'Deviation RC Data'!$B:$B, "<=" & $B$1 ), IF(_xlpm.result = 0, "", _xlpm.result) ) | J14: =_xlfn.LET( _xlpm.result, COUNTIFS( 'Deviation RC Data'!$O:$O, $A14, 'Deviation RC Data'!X:X, "x", 'Deviation RC Data'!$B:$B, ">=" & EDATE($B$1, -12), 'Deviation RC Data'!$B:$B, "<=" & $B$1 ), IF(_xlpm.result = 0, "", _xlpm.result) ) | K14: =_xlfn.LET( _xlpm.result, COUNTIFS( 'Deviation RC Data'!$O:$O, $A14, 'Deviation RC Data'!Y:Y, "x", 'Deviation RC Data'!$B:$B, ">=" & EDATE($B$1, -12), 'Deviation RC Data'!$B:$B, "<=" & $B$1 ), IF(_xlpm.result = 0, "", _xlpm.result) ) | L14: =_xlfn.LET( _xlpm.result, COUNTIFS( 'Deviation RC Data'!$O:$O, $A14, 'Deviation RC Data'!Z:Z, "x", 'Deviation RC Data'!$B:$B, ">=" & EDATE($B$1, -12), 'Deviation RC Data'!$B:$B, "<=" & $B$1 ), IF(_xlpm.result = 0, "", _xlpm.result) ) | M14: =_xlfn.LET( _xlpm.result, COUNTIFS( 'Deviation RC Data'!$O:$O, $A14, 'Deviation RC Data'!AA:AA, "x", 'Deviation RC Data'!$B:$B, ">=" & EDATE($B$1, -12), 'Deviation RC Data'!$B:$B, "<=" & $B$1 ), IF(_xlpm.result = 0, "", _xlpm.result) ) -> 1 | N14: =_xlfn.LET( _xlpm.result, COUNTIFS( 'Deviation RC Data'!$O:$O, $A14, 'Deviation RC Data'!AB:AB, "x", 'Deviation RC Data'!$B:$B, ">=" & EDATE($B$1, -12), 'Deviation RC Data'!$B:$B, "<=" & $B$1 ), IF(_xlpm.result = 0, "", _xlpm.result) ) | O14: =_xlfn.LET( _xlpm.result, COUNTIFS( 'Deviation RC Data'!$O:$O, $A14, 'Deviation RC Data'!AC:AC, "x", 'Deviation RC Data'!$B:$B, ">=" & EDATE($B$1, -12), 'Deviation RC Data'!$B:$B, "<=" & $B$1 ), IF(_xlpm.result = 0, "", _xlpm.result) ) | P14: =_xlfn.LET( _xlpm.result, COUNTIFS( 'Deviation RC Data'!$O:$O, $A14, 'Deviation RC Data'!AD:AD, "x", 'Deviation RC Data'!$B:$B, ">=" & EDATE($B$1, -12), 'Deviation RC Data'!$B:$B, "<=" & $B$1 ), IF(_xlpm.result = 0, "", _xlpm.result) ) | Q14: =_xlfn.LET( _xlpm.result, COUNTIFS( 'Deviation RC Data'!$O:$O, $A14, 'Deviation RC Data'!AE:AE, "x", 'Deviation RC Data'!$B:$B, ">=" & EDATE($B$1, -12), 'Deviation RC Data'!$B:$B, "<=" & $B$1 ), IF(_xlpm.result = 0, "", _xlpm.result) ) | R14: =_xlfn.LET( _xlpm.result, COUNTIFS( 'Deviation RC Data'!$O:$O, $A14, 'Deviation RC Data'!AF:AF, "x", 'Deviation RC Data'!$B:$B, ">=" & EDATE($B$1, -12), 'Deviation RC Data'!$B:$B, "<=" & $B$1 ), IF(_xlpm.result = 0, "", _xlpm.result) ) | S14: =_xlfn.LET( _xlpm.result, COUNTIFS( 'Deviation RC Data'!$O:$O, $A14, 'Deviation RC Data'!AG:AG, "x", 'Deviation RC Data'!$B:$B, ">=" & EDATE($B$1, -12), 'Deviation RC Data'!$B:$B, "<=" & $B$1 ), IF(_xlpm.result = 0, "", _xlpm.result) ) | T14: =_xlfn.LET( _xlpm.result, COUNTIFS( 'Deviation RC Data'!$O:$O, $A14, 'Deviation RC Data'!AH:AH, "x", 'Deviation RC Data'!$B:$B, ">=" & EDATE($B$1, -12), 'Deviation RC Data'!$B:$B, "<=" & $B$1 ), IF(_xlpm.result = 0, "", _xlpm.result) )
... A19: Event Logging Procedure | B19: =_xlfn.LET( _xlpm.result, COUNTIFS( 'Deviation RC Data'!$O:$O, $A19, 'Deviation RC Data'!P:P, "x", 'Deviation RC Data'!$B:$B, ">=" & EDATE($B$1, -12), 'Deviation RC Data'!$B:$B, "<=" & $B$1 ), IF(_xlpm.result = 0, "", _xlpm.result) ) | C19: =_xlfn.LET( _xlpm.result, COUNTIFS( 'Deviation RC Data'!$O:$O, $A19, 'Deviation RC Data'!Q:Q, "x", 'Deviation RC Data'!$B:$B, ">=" & EDATE($B$1, -12), 'Deviation RC Data'!$B:$B, "<=" & $B$1 ), IF(_xlpm.result = 0, "", _xlpm.result) ) | D19: =_xlfn.LET( _xlpm.result, COUNTIFS( 'Deviation RC Data'!$O:$O, $A19, 'Deviation RC Data'!R:R, "x", 'Deviation RC Data'!$B:$B, ">=" & EDATE($B$1, -12), 'Deviation RC Data'!$B:$B, "<=" & $B$1 ), IF(_xlpm.result = 0, "", _xlpm.result) ) | E19: =_xlfn.LET( _xlpm.result, COUNTIFS( 'Deviation RC Data'!$O:$O, $A19, 'Deviation RC Data'!S:S, "x", 'Deviation RC Data'!$B:$B, ">=" & EDATE($B$1, -12), 'Deviation RC Data'!$B:$B, "<=" & $B$1 ), IF(_xlpm.result = 0, "", _xlpm.result) ) | F19: =_xlfn.LET( _xlpm.result, COUNTIFS( 'Deviation RC Data'!$O:$O, $A19, 'Deviation RC Data'!T:T, "x", 'Deviation RC Data'!$B:$B, ">=" & EDATE($B$1, -12), 'Deviation RC Data'!$B:$B, "<=" & $B$1 ), IF(_xlpm.result = 0, "", _xlpm.result) ) | G19: =_xlfn.LET( _xlpm.result, COUNTIFS( 'Deviation RC Data'!$O:$O, $A19, 'Deviation RC Data'!U:U, "x", 'Deviation RC Data'!$B:$B, ">=" & EDATE($B$1, -12), 'Deviation RC Data'!$B:$B, "<=" & $B$1 ), IF(_xlpm.result = 0, "", _xlpm.result) ) | H19: =_xlfn.LET( _xlpm.result, COUNTIFS( 'Deviation RC Data'!$O:$O, $A19, 'Deviation RC Data'!V:V, "x", 'Deviation RC Data'!$B:$B, ">=" & EDATE($B$1, -12), 'Deviation RC Data'!$B:$B, "<=" & $B$1 ), IF(_xlpm.result = 0, "", _xlpm.result) ) | I19: =_xlfn.LET( _xlpm.result, COUNTIFS( 'Deviation RC Data'!$O:$O, $A19, 'Deviation RC Data'!W:W, "x", 'Deviation RC Data'!$B:$B, ">=" & EDATE($B$1, -12), 'Deviation RC Data'!$B:$B, "<=" & $B$1 ), IF(_xlpm.result = 0, "", _xlpm.result) ) | J19: =_xlfn.LET( _xlpm.result, COUNTIFS( 'Deviation RC Data'!$O:$O, $A19, 'Deviation RC Data'!X:X, "x", 'Deviation RC Data'!$B:$B, ">=" & EDATE($B$1, -12), 'Deviation RC Data'!$B:$B, "<=" & $B$1 ), IF(_xlpm.result = 0, "", _xlpm.result) ) | K19: =_xlfn.LET( _xlpm.result, COUNTIFS( 'Deviation RC Data'!$O:$O, $A19, 'Deviation RC Data'!Y:Y, "x", 'Deviation RC Data'!$B:$B, ">=" & EDATE($B$1, -12), 'Deviation RC Data'!$B:$B, "<=" & $B$1 ), IF(_xlpm.result = 0, "", _xlpm.result) ) | L19: =_xlfn.LET( _xlpm.result, COUNTIFS( 'Deviation RC Data'!$O:$O, $A19, 'Deviation RC Data'!Z:Z, "x", 'Deviation RC Data'!$B:$B, ">=" & EDATE($B$1, -12), 'Deviation RC Data'!$B:$B, "<=" & $B$1 ), IF(_xlpm.result = 0, "", _xlpm.result) ) | M19: =_xlfn.LET( _xlpm.result, COUNTIFS( 'Deviation RC Data'!$O:$O, $A19, 'Deviation RC Data'!AA:AA, "x", 'Deviation RC Data'!$B:$B, ">=" & EDATE($B$1, -12), 'Deviation RC Data'!$B:$B, "<=" & $B$1 ), IF(_xlpm.result = 0, "", _xlpm.result) ) | N19: =_xlfn.LET( _xlpm.result, COUNTIFS( 'Deviation RC Data'!$O:$O, $A19, 'Deviation RC Data'!AB:AB, "x", 'Deviation RC Data'!$B:$B, ">=" & EDATE($B$1, -12), 'Deviation RC Data'!$B:$B, "<=" & $B$1 ), IF(_xlpm.result = 0, "", _xlpm.result) ) | O19: =_xlfn.LET( _xlpm.result, COUNTIFS( 'Deviation RC Data'!$O:$O, $A19, 'Deviation RC Data'!AC:AC, "x", 'Deviation RC Data'!$B:$B, ">=" & EDATE($B$1, -12), 'Deviation RC Data'!$B:$B, "<=" & $B$1 ), IF(_xlpm.result = 0, "", _xlpm.result) ) | P19: =_xlfn.LET( _xlpm.result, COUNTIFS( 'Deviation RC Data'!$O:$O, $A19, 'Deviation RC Data'!AD:AD, "x", 'Deviation RC Data'!$B:$B, ">=" & EDATE($B$1, -12), 'Deviation RC Data'!$B:$B, "<=" & $B$1 ), IF(_xlpm.result = 0, "", _xlpm.result) ) | Q19: =_xlfn.LET( _xlpm.result, COUNTIFS( 'Deviation RC Data'!$O:$O, $A19, 'Deviation RC Data'!AE:AE, "x", 'Deviation RC Data'!$B:$B, ">=" & EDATE($B$1, -12), 'Deviation RC Data'!$B:$B, "<=" & $B$1 ), IF(_xlpm.result = 0, "", _xlpm.result) ) | R19: =_xlfn.LET( _xlpm.result, COUNTIFS( 'Deviation RC Data'!$O:$O, $A19, 'Deviation RC Data'!AF:AF, "x", 'Deviation RC Data'!$B:$B, ">=" & EDATE($B$1, -12), 'Deviation RC Data'!$B:$B, "<=" & $B$1 ), IF(_xlpm.result = 0, "", _xlpm.result) ) | S19: =_xlfn.LET( _xlpm.result, COUNTIFS( 'Deviation RC Data'!$O:$O, $A19, 'Deviation RC Data'!AG:AG, "x", 'Deviation RC Data'!$B:$B, ">=" & EDATE($B$1, -12), 'Deviation RC Data'!$B:$B, "<=" & $B$1 ), IF(_xlpm.result = 0, "", _xlpm.result) ) | T19: =_xlfn.LET( _xlpm.result, COUNTIFS( 'Deviation RC Data'!$O:$O, $A19, 'Deviation RC Data'!AH:AH, "x", 'Deviation RC Data'!$B:$B, ">=" & EDATE($B$1, -12), 'Deviation RC Data'!$B:$B, "<=" & $B$1 ), IF(_xlpm.result = 0, "", _xlpm.result) )
A20: Temperature Monitoring | B20: 1 | C20: =_xlfn.LET( _xlpm.result, COUNTIFS( 'Deviation RC Data'!$O:$O, $A20, 'Deviation RC Data'!Q:Q, "x", 'Deviation RC Data'!$B:$B, ">=" & EDATE($B$1, -12), 'Deviation RC Data'!$B:$B, "<=" & $B$1 ), IF(_xlpm.result = 0, "", _xlpm.result) ) | D20: =_xlfn.LET( _xlpm.result, COUNTIFS( 'Deviation RC Data'!$O:$O, $A20, 'Deviation RC Data'!R:R, "x", 'Deviation RC Data'!$B:$B, ">=" & EDATE($B$1, -12), 'Deviation RC Data'!$B:$B, "<=" & $B$1 ), IF(_xlpm.result = 0, "", _xlpm.result) ) | E20: =_xlfn.LET( _xlpm.result, COUNTIFS( 'Deviation RC Data'!$O:$O, $A20, 'Deviation RC Data'!S:S, "x", 'Deviation RC Data'!$B:$B, ">=" & EDATE($B$1, -12), 'Deviation RC Data'!$B:$B, "<=" & $B$1 ), IF(_xlpm.result = 0, "", _xlpm.result) ) | F20: =_xlfn.LET( _xlpm.result, COUNTIFS( 'Deviation RC Data'!$O:$O, $A20, 'Deviation RC Data'!T:T, "x", 'Deviation RC Data'!$B:$B, ">=" & EDATE($B$1, -12), 'Deviation RC Data'!$B:$B, "<=" & $B$1 ), IF(_xlpm.result = 0, "", _xlpm.result) ) -> 1 | G20: =_xlfn.LET( _xlpm.result, COUNTIFS( 'Deviation RC Data'!$O:$O, $A20, 'Deviation RC Data'!U:U, "x", 'Deviation RC Data'!$B:$B, ">=" & EDATE($B$1, -12), 'Deviation RC Data'!$B:$B, "<=" & $B$1 ), IF(_xlpm.result = 0, "", _xlpm.result) ) -> 1 | H20: 2 | I20: =_xlfn.LET( _xlpm.result, COUNTIFS( 'Deviation RC Data'!$O:$O, $A20, 'Deviation RC Data'!W:W, "x", 'Deviation RC Data'!$B:$B, ">=" & EDATE($B$1, -12), 'Deviation RC Data'!$B:$B, "<=" & $B$1 ), IF(_xlpm.result = 0, "", _xlpm.result) ) | J20: =_xlfn.LET( _xlpm.result, COUNTIFS( 'Deviation RC Data'!$O:$O, $A20, 'Deviation RC Data'!X:X, "x", 'Deviation RC Data'!$B:$B, ">=" & EDATE($B$1, -12), 'Deviation RC Data'!$B:$B, "<=" & $B$1 ), IF(_xlpm.result = 0, "", _xlpm.result) ) | K20: 1 | L20: =_xlfn.LET( _xlpm.result, COUNTIFS( 'Deviation RC Data'!$O:$O, $A20, 'Deviation RC Data'!Z:Z, "x", 'Deviation RC Data'!$B:$B, ">=" & EDATE($B$1, -12), 'Deviation RC Data'!$B:$B, "<=" & $B$1 ), IF(_xlpm.result = 0, "", _xlpm.result) ) | M20: =_xlfn.LET( _xlpm.result, COUNTIFS( 'Deviation RC Data'!$O:$O, $A20, 'Deviation RC Data'!AA:AA, "x", 'Deviation RC Data'!$B:$B, ">=" & EDATE($B$1, -12), 'Deviation RC Data'!$B:$B, "<=" & $B$1 ), IF(_xlpm.result = 0, "", _xlpm.result) ) | N20: =_xlfn.LET( _xlpm.result, COUNTIFS( 'Deviation RC Data'!$O:$O, $A20, 'Deviation RC Data'!AB:AB, "x", 'Deviation RC Data'!$B:$B, ">=" & EDATE($B$1, -12), 'Deviation RC Data'!$B:$B, "<=" & $B$1 ), IF(_xlpm.result = 0, "", _xlpm.result) ) | O20: =_xlfn.LET( _xlpm.result, COUNTIFS( 'Deviation RC Data'!$O:$O, $A20, 'Deviation RC Data'!AC:AC, "x", 'Deviation RC Data'!$B:$B, ">=" & EDATE($B$1, -12), 'Deviation RC Data'!$B:$B, "<=" & $B$1 ), IF(_xlpm.result = 0, "", _xlpm.result) ) | P20: =_xlfn.LET( _xlpm.result, COUNTIFS( 'Deviation RC Data'!$O:$O, $A20, 'Deviation RC Data'!AD:AD, "x", 'Deviation RC Data'!$B:$B, ">=" & EDATE($B$1, -12), 'Deviation RC Data'!$B:$B, "<=" & $B$1 ), IF(_xlpm.result = 0, "", _xlpm.result) ) | Q20: =_xlfn.LET( _xlpm.result, COUNTIFS( 'Deviation RC Data'!$O:$O, $A20, 'Deviation RC Data'!AE:AE, "x", 'Deviation RC Data'!$B:$B, ">=" & EDATE($B$1, -12), 'Deviation RC Data'!$B:$B, "<=" & $B$1 ), IF(_xlpm.result = 0, "", _xlpm.result) ) | R20: =_xlfn.LET( _xlpm.result, COUNTIFS( 'Deviation RC Data'!$O:$O, $A20, 'Deviation RC Data'!AF:AF, "x", 'Deviation RC Data'!$B:$B, ">=" & EDATE($B$1, -12), 'Deviation RC Data'!$B:$B, "<=" & $B$1 ), IF(_xlpm.result = 0, "", _xlpm.result) ) -> 1 | S20: =_xlfn.LET( _xlpm.result, COUNTIFS( 'Deviation RC Data'!$O:$O, $A20, 'Deviation RC Data'!AG:AG, "x", 'Deviation RC Data'!$B:$B, ">=" & EDATE($B$1, -12), 'Deviation RC Data'!$B:$B, "<=" & $B$1 ), IF(_xlpm.result = 0, "", _xlpm.result) ) -> 1 | T20: =_xlfn.LET( _xlpm.result, COUNTIFS( 'Deviation RC Data'!$O:$O, $A20, 'Deviation RC Data'!AH:AH, "x", 'Deviation RC Data'!$B:$B, ">=" & EDATE($B$1, -12), 'Deviation RC Data'!$B:$B, "<=" & $B$1 ), IF(_xlpm.result = 0, "", _xlpm.result) )
A21: Equipment | B21: =_xlfn.LET( _xlpm.result, COUNTIFS( 'Deviation RC Data'!$O:$O, $A21, 'Deviation RC Data'!P:P, "x", 'Deviation RC Data'!$B:$B, ">=" & EDATE($B$1, -12), 'Deviation RC Data'!$B:$B, "<=" & $B$1 ), IF(_xlpm.result = 0, "", _xlpm.result) ) | C21: =_xlfn.LET( _xlpm.result, COUNTIFS( 'Deviation RC Data'!$O:$O, $A21, 'Deviation RC Data'!Q:Q, "x", 'Deviation RC Data'!$B:$B, ">=" & EDATE($B$1, -12), 'Deviation RC Data'!$B:$B, "<=" & $B$1 ), IF(_xlpm.result = 0, "", _xlpm.result) ) | D21: =_xlfn.LET( _xlpm.result, COUNTIFS( 'Deviation RC Data'!$O:$O, $A21, 'Deviation RC Data'!R:R, "x", 'Deviation RC Data'!$B:$B, ">=" & EDATE($B$1, -12), 'Deviation RC Data'!$B:$B, "<=" & $B$1 ), IF(_xlpm.result = 0, "", _xlpm.result) ) | E21: =_xlfn.LET( _xlpm.result, COUNTIFS( 'Deviation RC Data'!$O:$O, $A21, 'Deviation RC Data'!S:S, "x", 'Deviation RC Data'!$B:$B, ">=" & EDATE($B$1, -12), 'Deviation RC Data'!$B:$B, "<=" & $B$1 ), IF(_xlpm.result = 0, "", _xlpm.result) ) | F21: =_xlfn.LET( _xlpm.result, COUNTIFS( 'Deviation RC Data'!$O:$O, $A21, 'Deviation RC Data'!T:T, "x", 'Deviation RC Data'!$B:$B, ">=" & EDATE($B$1, -12), 'Deviation RC Data'!$B:$B, "<=" & $B$1 ), IF(_xlpm.result = 0, "", _xlpm.result) ) | G21: =_xlfn.LET( _xlpm.result, COUNTIFS( 'Deviation RC Data'!$O:$O, $A21, 'Deviation RC Data'!U:U, "x", 'Deviation RC Data'!$B:$B, ">=" & EDATE($B$1, -12), 'Deviation RC Data'!$B:$B, "<=" & $B$1 ), IF(_xlpm.result = 0, "", _xlpm.result) ) | H21: =_xlfn.LET( _xlpm.result, COUNTIFS( 'Deviation RC Data'!$O:$O, $A21, 'Deviation RC Data'!V:V, "x", 'Deviation RC Data'!$B:$B, ">=" & EDATE($B$1, -12), 'Deviation RC Data'!$B:$B, "<=" & $B$1 ), IF(_xlpm.result = 0, "", _xlpm.result) ) -> 1 | I21: =_xlfn.LET( _xlpm.result, COUNTIFS( 'Deviation RC Data'!$O:$O, $A21, 'Deviation RC Data'!W:W, "x", 'Deviation RC Data'!$B:$B, ">=" & EDATE($B$1, -12), 'Deviation RC Data'!$B:$B, "<=" & $B$1 ), IF(_xlpm.result = 0, "", _xlpm.result) ) -> 7 | J21: =_xlfn.LET( _xlpm.result, COUNTIFS( 'Deviation RC Data'!$O:$O, $A21, 'Deviation RC Data'!X:X, "x", 'Deviation RC Data'!$B:$B, ">=" & EDATE($B$1, -12), 'Deviation RC Data'!$B:$B, "<=" & $B$1 ), IF(_xlpm.result = 0, "", _xlpm.result) ) | K21: =_xlfn.LET( _xlpm.result, COUNTIFS( 'Deviation RC Data'!$O:$O, $A21, 'Deviation RC Data'!Y:Y, "x", 'Deviation RC Data'!$B:$B, ">=" & EDATE($B$1, -12), 'Deviation RC Data'!$B:$B, "<=" & $B$1 ), IF(_xlpm.result = 0, "", _xlpm.result) ) | L21: =_xlfn.LET( _xlpm.result, COUNTIFS( 'Deviation RC Data'!$O:$O, $A21, 'Deviation RC Data'!Z:Z, "x", 'Deviation RC Data'!$B:$B, ">=" & EDATE($B$1, -12), 'Deviation RC Data'!$B:$B, "<=" & $B$1 ), IF(_xlpm.result = 0, "", _xlpm.result) ) | M21: =_xlfn.LET( _xlpm.result, COUNTIFS( 'Deviation RC Data'!$O:$O, $A21, 'Deviation RC Data'!AA:AA, "x", 'Deviation RC Data'!$B:$B, ">=" & EDATE($B$1, -12), 'Deviation RC Data'!$B:$B, "<=" & $B$1 ), IF(_xlpm.result = 0, "", _xlpm.result) ) | N21: =_xlfn.LET( _xlpm.result, COUNTIFS( 'Deviation RC Data'!$O:$O, $A21, 'Deviation RC Data'!AB:AB, "x", 'Deviation RC Data'!$B:$B, ">=" & EDATE($B$1, -12), 'Deviation RC Data'!$B:$B, "<=" & $B$1 ), IF(_xlpm.result = 0, "", _xlpm.result) ) | O21: =_xlfn.LET( _xlpm.result, COUNTIFS( 'Deviation RC Data'!$O:$O, $A21, 'Deviation RC Data'!AC:AC, "x", 'Deviation RC Data'!$B:$B, ">=" & EDATE($B$1, -12), 'Deviation RC Data'!$B:$B, "<=" & $B$1 ), IF(_xlpm.result = 0, "", _xlpm.result) ) | P21: =_xlfn.LET( _xlpm.result, COUNTIFS( 'Deviation RC Data'!$O:$O, $A21, 'Deviation RC Data'!AD:AD, "x", 'Deviation RC Data'!$B:$B, ">=" & EDATE($B$1, -12), 'Deviation RC Data'!$B:$B, "<=" & $B$1 ), IF(_xlpm.result = 0, "", _xlpm.result) ) | Q21: =_xlfn.LET( _xlpm.result, COUNTIFS( 'Deviation RC Data'!$O:$O, $A21, 'Deviation RC Data'!AE:AE, "x", 'Deviation RC Data'!$B:$B, ">=" & EDATE($B$1, -12), 'Deviation RC Data'!$B:$B, "<=" & $B$1 ), IF(_xlpm.result = 0, "", _xlpm.result) ) | R21: =_xlfn.LET( _xlpm.result, COUNTIFS( 'Deviation RC Data'!$O:$O, $A21, 'Deviation RC Data'!AF:AF, "x", 'Deviation RC Data'!$B:$B, ">=" & EDATE($B$1, -12), 'Deviation RC Data'!$B:$B, "<=" & $B$1 ), IF(_xlpm.result = 0, "", _xlpm.result) ) | S21: =_xlfn.LET( _xlpm.result, COUNTIFS( 'Deviation RC Data'!$O:$O, $A21, 'Deviation RC Data'!AG:AG, "x", 'Deviation RC Data'!$B:$B, ">=" & EDATE($B$1, -12), 'Deviation RC Data'!$B:$B, "<=" & $B$1 ), IF(_xlpm.result = 0, "", _xlpm.result) ) | T21: =_xlfn.LET( _xlpm.result, COUNTIFS( 'Deviation RC Data'!$O:$O, $A21, 'Deviation RC Data'!AH:AH, "x", 'Deviation RC Data'!$B:$B, ">=" & EDATE($B$1, -12), 'Deviation RC Data'!$B:$B, "<=" & $B$1 ), IF(_xlpm.result = 0, "", _xlpm.result) )
A22: Dispatch Cleaning Procedure | B22: =_xlfn.LET( _xlpm.result, COUNTIFS( 'Deviation RC Data'!$O:$O, $A22, 'Deviation RC Data'!P:P, "x", 'Deviation RC Data'!$B:$B, ">=" & EDATE($B$1, -12), 'Deviation RC Data'!$B:$B, "<=" & $B$1 ), IF(_xlpm.result = 0, "", _xlpm.result) ) | C22: =_xlfn.LET( _xlpm.result, COUNTIFS( 'Deviation RC Data'!$O:$O, $A22, 'Deviation RC Data'!Q:Q, "x", 'Deviation RC Data'!$B:$B, ">=" & EDATE($B$1, -12), 'Deviation RC Data'!$B:$B, "<=" & $B$1 ), IF(_xlpm.result = 0, "", _xlpm.result) ) | D22: =_xlfn.LET( _xlpm.result, COUNTIFS( 'Deviation RC Data'!$O:$O, $A22, 'Deviation RC Data'!R:R, "x", 'Deviation RC Data'!$B:$B, ">=" & EDATE($B$1, -12), 'Deviation RC Data'!$B:$B, "<=" & $B$1 ), IF(_xlpm.result = 0, "", _xlpm.result) ) | E22: =_xlfn.LET( _xlpm.result, COUNTIFS( 'Deviation RC Data'!$O:$O, $A22, 'Deviation RC Data'!S:S, "x", 'Deviation RC Data'!$B:$B, ">=" & EDATE($B$1, -12), 'Deviation RC Data'!$B:$B, "<=" & $B$1 ), IF(_xlpm.result = 0, "", _xlpm.result) ) | F22: =_xlfn.LET( _xlpm.result, COUNTIFS( 'Deviation RC Data'!$O:$O, $A22, 'Deviation RC Data'!T:T, "x", 'Deviation RC Data'!$B:$B, ">=" & EDATE($B$1, -12), 'Deviation RC Data'!$B:$B, "<=" & $B$1 ), IF(_xlpm.result = 0, "", _xlpm.result) ) | G22: =_xlfn.LET( _xlpm.result, COUNTIFS( 'Deviation RC Data'!$O:$O, $A22, 'Deviation RC Data'!U:U, "x", 'Deviation RC Data'!$B:$B, ">=" & EDATE($B$1, -12), 'Deviation RC Data'!$B:$B, "<=" & $B$1 ), IF(_xlpm.result = 0, "", _xlpm.result) ) | H22: =_xlfn.LET( _xlpm.result, COUNTIFS( 'Deviation RC Data'!$O:$O, $A22, 'Deviation RC Data'!V:V, "x", 'Deviation RC Data'!$B:$B, ">=" & EDATE($B$1, -12), 'Deviation RC Data'!$B:$B, "<=" & $B$1 ), IF(_xlpm.result = 0, "", _xlpm.result) ) | I22: =_xlfn.LET( _xlpm.result, COUNTIFS( 'Deviation RC Data'!$O:$O, $A22, 'Deviation RC Data'!W:W, "x", 'Deviation RC Data'!$B:$B, ">=" & EDATE($B$1, -12), 'Deviation RC Data'!$B:$B, "<=" & $B$1 ), IF(_xlpm.result = 0, "", _xlpm.result) ) | J22: =_xlfn.LET( _xlpm.result, COUNTIFS( 'Deviation RC Data'!$O:$O, $A22, 'Deviation RC Data'!X:X, "x", 'Deviation RC Data'!$B:$B, ">=" & EDATE($B$1, -12), 'Deviation RC Data'!$B:$B, "<=" & $B$1 ), IF(_xlpm.result = 0, "", _xlpm.result) ) | K22: =_xlfn.LET( _xlpm.result, COUNTIFS( 'Deviation RC Data'!$O:$O, $A22, 'Deviation RC Data'!Y:Y, "x", 'Deviation RC Data'!$B:$B, ">=" & EDATE($B$1, -12), 'Deviation RC Data'!$B:$B, "<=" & $B$1 ), IF(_xlpm.result = 0, "", _xlpm.result) ) | L22: =_xlfn.LET( _xlpm.result, COUNTIFS( 'Deviation RC Data'!$O:$O, $A22, 'Deviation RC Data'!Z:Z, "x", 'Deviation RC Data'!$B:$B, ">=" & EDATE($B$1, -12), 'Deviation RC Data'!$B:$B, "<=" & $B$1 ), IF(_xlpm.result = 0, "", _xlpm.result) ) | M22: =_xlfn.LET( _xlpm.result, COUNTIFS( 'Deviation RC Data'!$O:$O, $A22, 'Deviation RC Data'!AA:AA, "x", 'Deviation RC Data'!$B:$B, ">=" & EDATE($B$1, -12), 'Deviation RC Data'!$B:$B, "<=" & $B$1 ), IF(_xlpm.result = 0, "", _xlpm.result) ) | N22: =_xlfn.LET( _xlpm.result, COUNTIFS( 'Deviation RC Data'!$O:$O, $A22, 'Deviation RC Data'!AB:AB, "x", 'Deviation RC Data'!$B:$B, ">=" & EDATE($B$1, -12), 'Deviation RC Data'!$B:$B, "<=" & $B$1 ), IF(_xlpm.result = 0, "", _xlpm.result) ) | O22: =_xlfn.LET( _xlpm.result, COUNTIFS( 'Deviation RC Data'!$O:$O, $A22, 'Deviation RC Data'!AC:AC, "x", 'Deviation RC Data'!$B:$B, ">=" & EDATE($B$1, -12), 'Deviation RC Data'!$B:$B, "<=" & $B$1 ), IF(_xlpm.result = 0, "", _xlpm.result) ) | P22: =_xlfn.LET( _xlpm.result, COUNTIFS( 'Deviation RC Data'!$O:$O, $A22, 'Deviation RC Data'!AD:AD, "x", 'Deviation RC Data'!$B:$B, ">=" & EDATE($B$1, -12), 'Deviation RC Data'!$B:$B, "<=" & $B$1 ), IF(_xlpm.result = 0, "", _xlpm.result) ) | Q22: =_xlfn.LET( _xlpm.result, COUNTIFS( 'Deviation RC Data'!$O:$O, $A22, 'Deviation RC Data'!AE:AE, "x", 'Deviation RC Data'!$B:$B, ">=" & EDATE($B$1, -12), 'Deviation RC Data'!$B:$B, "<=" & $B$1 ), IF(_xlpm.result = 0, "", _xlpm.result) ) | R22: =_xlfn.LET( _xlpm.result, COUNTIFS( 'Deviation RC Data'!$O:$O, $A22, 'Deviation RC Data'!AF:AF, "x", 'Deviation RC Data'!$B:$B, ">=" & EDATE($B$1, -12), 'Deviation RC Data'!$B:$B, "<=" & $B$1 ), IF(_xlpm.result = 0, "", _xlpm.result) ) | S22: =_xlfn.LET( _xlpm.result, COUNTIFS( 'Deviation RC Data'!$O:$O, $A22, 'Deviation RC Data'!AG:AG, "x", 'Deviation RC Data'!$B:$B, ">=" & EDATE($B$1, -12), 'Deviation RC Data'!$B:$B, "<=" & $B$1 ), IF(_xlpm.result = 0, "", _xlpm.result) ) | T22: =_xlfn.LET( _xlpm.result, COUNTIFS( 'Deviation RC Data'!$O:$O, $A22, 'Deviation RC Data'!AH:AH, "x", 'Deviation RC Data'!$B:$B, ">=" & EDATE($B$1, -12), 'Deviation RC Data'!$B:$B, "<=" & $B$1 ), IF(_xlpm.result = 0, "", _xlpm.result) )
A23: Stability | B23: =_xlfn.LET( _xlpm.result, COUNTIFS( 'Deviation RC Data'!$O:$O, $A23, 'Deviation RC Data'!P:P, "x", 'Deviation RC Data'!$B:$B, ">=" & EDATE($B$1, -12), 'Deviation RC Data'!$B:$B, "<=" & $B$1 ), IF(_xlpm.result = 0, "", _xlpm.result) ) -> 2 | C23: =_xlfn.LET( _xlpm.result, COUNTIFS( 'Deviation RC Data'!$O:$O, $A23, 'Deviation RC Data'!Q:Q, "x", 'Deviation RC Data'!$B:$B, ">=" & EDATE($B$1, -12), 'Deviation RC Data'!$B:$B, "<=" & $B$1 ), IF(_xlpm.result = 0, "", _xlpm.result) ) | D23: =_xlfn.LET( _xlpm.result, COUNTIFS( 'Deviation RC Data'!$O:$O, $A23, 'Deviation RC Data'!R:R, "x", 'Deviation RC Data'!$B:$B, ">=" & EDATE($B$1, -12), 'Deviation RC Data'!$B:$B, "<=" & $B$1 ), IF(_xlpm.result = 0, "", _xlpm.result) ) | E23: =_xlfn.LET( _xlpm.result, COUNTIFS( 'Deviation RC Data'!$O:$O, $A23, 'Deviation RC Data'!S:S, "x", 'Deviation RC Data'!$B:$B, ">=" & EDATE($B$1, -12), 'Deviation RC Data'!$B:$B, "<=" & $B$1 ), IF(_xlpm.result = 0, "", _xlpm.result) ) | F23: =_xlfn.LET( _xlpm.result, COUNTIFS( 'Deviation RC Data'!$O:$O, $A23, 'Deviation RC Data'!T:T, "x", 'Deviation RC Data'!$B:$B, ">=" & EDATE($B$1, -12), 'Deviation RC Data'!$B:$B, "<=" & $B$1 ), IF(_xlpm.result = 0, "", _xlpm.result) ) | G23: =_xlfn.LET( _xlpm.result, COUNTIFS( 'Deviation RC Data'!$O:$O, $A23, 'Deviation RC Data'!U:U, "x", 'Deviation RC Data'!$B:$B, ">=" & EDATE($B$1, -12), 'Deviation RC Data'!$B:$B, "<=" & $B$1 ), IF(_xlpm.result = 0, "", _xlpm.result) ) | H23: =_xlfn.LET( _xlpm.result, COUNTIFS( 'Deviation RC Data'!$O:$O, $A23, 'Deviation RC Data'!V:V, "x", 'Deviation RC Data'!$B:$B, ">=" & EDATE($B$1, -12), 'Deviation RC Data'!$B:$B, "<=" & $B$1 ), IF(_xlpm.result = 0, "", _xlpm.result) ) -> 1 | I23: =_xlfn.LET( _xlpm.result, COUNTIFS( 'Deviation RC Data'!$O:$O, $A23, 'Deviation RC Data'!W:W, "x", 'Deviation RC Data'!$B:$B, ">=" & EDATE($B$1, -12), 'Deviation RC Data'!$B:$B, "<=" & $B$1 ), IF(_xlpm.result = 0, "", _xlpm.result) ) -> 1 | J23: =_xlfn.LET( _xlpm.result, COUNTIFS( 'Deviation RC Data'!$O:$O, $A23, 'Deviation RC Data'!X:X, "x", 'Deviation RC Data'!$B:$B, ">=" & EDATE($B$1, -12), 'Deviation RC Data'!$B:$B, "<=" & $B$1 ), IF(_xlpm.result = 0, "", _xlpm.result) ) | K23: =_xlfn.LET( _xlpm.result, COUNTIFS( 'Deviation RC Data'!$O:$O, $A23, 'Deviation RC Data'!Y:Y, "x", 'Deviation RC Data'!$B:$B, ">=" & EDATE($B$1, -12), 'Deviation RC Data'!$B:$B, "<=" & $B$1 ), IF(_xlpm.result = 0, "", _xlpm.result) ) | L23: =_xlfn.LET( _xlpm.result, COUNTIFS( 'Deviation RC Data'!$O:$O, $A23, 'Deviation RC Data'!Z:Z, "x", 'Deviation RC Data'!$B:$B, ">=" & EDATE($B$1, -12), 'Deviation RC Data'!$B:$B, "<=" & $B$1 ), IF(_xlpm.result = 0, "", _xlpm.result) ) | M23: =_xlfn.LET( _xlpm.result, COUNTIFS( 'Deviation RC Data'!$O:$O, $A23, 'Deviation RC Data'!AA:AA, "x", 'Deviation RC Data'!$B:$B, ">=" & EDATE($B$1, -12), 'Deviation RC Data'!$B:$B, "<=" & $B$1 ), IF(_xlpm.result = 0, "", _xlpm.result) ) | N23: =_xlfn.LET( _xlpm.result, COUNTIFS( 'Deviation RC Data'!$O:$O, $A23, 'Deviation RC Data'!AB:AB, "x", 'Deviation RC Data'!$B:$B, ">=" & EDATE($B$1, -12), 'Deviation RC Data'!$B:$B, "<=" & $B$1 ), IF(_xlpm.result = 0, "", _xlpm.result) ) | O23: =_xlfn.LET( _xlpm.result, COUNTIFS( 'Deviation RC Data'!$O:$O, $A23, 'Deviation RC Data'!AC:AC, "x", 'Deviation RC Data'!$B:$B, ">=" & EDATE($B$1, -12), 'Deviation RC Data'!$B:$B, "<=" & $B$1 ), IF(_xlpm.result = 0, "", _xlpm.result) ) | P23: =_xlfn.LET( _xlpm.result, COUNTIFS( 'Deviation RC Data'!$O:$O, $A23, 'Deviation RC Data'!AD:AD, "x", 'Deviation RC Data'!$B:$B, ">=" & EDATE($B$1, -12), 'Deviation RC Data'!$B:$B, "<=" & $B$1 ), IF(_xlpm.result = 0, "", _xlpm.result) ) | Q23: =_xlfn.LET( _xlpm.result, COUNTIFS( 'Deviation RC Data'!$O:$O, $A23, 'Deviation RC Data'!AE:AE, "x", 'Deviation RC Data'!$B:$B, ">=" & EDATE($B$1, -12), 'Deviation RC Data'!$B:$B, "<=" & $B$1 ), IF(_xlpm.result = 0, "", _xlpm.result) ) | R23: =_xlfn.LET( _xlpm.result, COUNTIFS( 'Deviation RC Data'!$O:$O, $A23, 'Deviation RC Data'!AF:AF, "x", 'Deviation RC Data'!$B:$B, ">=" & EDATE($B$1, -12), 'Deviation RC Data'!$B:$B, "<=" & $B$1 ), IF(_xlpm.result = 0, "", _xlpm.result) ) | S23: =_xlfn.LET( _xlpm.result, COUNTIFS( 'Deviation RC Data'!$O:$O, $A23, 'Deviation RC Data'!AG:AG, "x", 'Deviation RC Data'!$B:$B, ">=" & EDATE($B$1, -12), 'Deviation RC Data'!$B:$B, "<=" & $B$1 ), IF(_xlpm.result = 0, "", _xlpm.result) ) | T23: =_xlfn.LET( _xlpm.result, COUNTIFS( 'Deviation RC Data'!$O:$O, $A23, 'Deviation RC Data'!AH:AH, "x", 'Deviation RC Data'!$B:$B, ">=" & EDATE($B$1, -12), 'Deviation RC Data'!$B:$B, "<=" & $B$1 ), IF(_xlpm.result = 0, "", _xlpm.result) )
A24: CBPM Shipment | B24: =_xlfn.LET( _xlpm.result, COUNTIFS( 'Deviation RC Data'!$O:$O, $A24, 'Deviation RC Data'!P:P, "x", 'Deviation RC Data'!$B:$B, ">=" & EDATE($B$1, -12), 'Deviation RC Data'!$B:$B, "<=" & $B$1 ), IF(_xlpm.result = 0, "", _xlpm.result) ) | C24: =_xlfn.LET( _xlpm.result, COUNTIFS( 'Deviation RC Data'!$O:$O, $A24, 'Deviation RC Data'!Q:Q, "x", 'Deviation RC Data'!$B:$B, ">=" & EDATE($B$1, -12), 'Deviation RC Data'!$B:$B, "<=" & $B$1 ), IF(_xlpm.result = 0, "", _xlpm.result) ) | D24: =_xlfn.LET( _xlpm.result, COUNTIFS( 'Deviation RC Data'!$O:$O, $A24, 'Deviation RC Data'!R:R, "x", 'Deviation RC Data'!$B:$B, ">=" & EDATE($B$1, -12), 'Deviation RC Data'!$B:$B, "<=" & $B$1 ), IF(_xlpm.result = 0, "", _xlpm.result) ) | E24: =_xlfn.LET( _xlpm.result, COUNTIFS( 'Deviation RC Data'!$O:$O, $A24, 'Deviation RC Data'!S:S, "x", 'Deviation RC Data'!$B:$B, ">=" & EDATE($B$1, -12), 'Deviation RC Data'!$B:$B, "<=" & $B$1 ), IF(_xlpm.result = 0, "", _xlpm.result) ) | F24: =_xlfn.LET( _xlpm.result, COUNTIFS( 'Deviation RC Data'!$O:$O, $A24, 'Deviation RC Data'!T:T, "x", 'Deviation RC Data'!$B:$B, ">=" & EDATE($B$1, -12), 'Deviation RC Data'!$B:$B, "<=" & $B$1 ), IF(_xlpm.result = 0, "", _xlpm.result) ) | G24: =_xlfn.LET( _xlpm.result, COUNTIFS( 'Deviation RC Data'!$O:$O, $A24, 'Deviation RC Data'!U:U, "x", 'Deviation RC Data'!$B:$B, ">=" & EDATE($B$1, -12), 'Deviation RC Data'!$B:$B, "<=" & $B$1 ), IF(_xlpm.result = 0, "", _xlpm.result) ) | H24: =_xlfn.LET( _xlpm.result, COUNTIFS( 'Deviation RC Data'!$O:$O, $A24, 'Deviation RC Data'!V:V, "x", 'Deviation RC Data'!$B:$B, ">=" & EDATE($B$1, -12), 'Deviation RC Data'!$B:$B, "<=" & $B$1 ), IF(_xlpm.result = 0, "", _xlpm.result) ) | I24: =_xlfn.LET( _xlpm.result, COUNTIFS( 'Deviation RC Data'!$O:$O, $A24, 'Deviation RC Data'!W:W, "x", 'Deviation RC Data'!$B:$B, ">=" & EDATE($B$1, -12), 'Deviation RC Data'!$B:$B, "<=" & $B$1 ), IF(_xlpm.result = 0, "", _xlpm.result) ) | J24: =_xlfn.LET( _xlpm.result, COUNTIFS( 'Deviation RC Data'!$O:$O, $A24, 'Deviation RC Data'!X:X, "x", 'Deviation RC Data'!$B:$B, ">=" & EDATE($B$1, -12), 'Deviation RC Data'!$B:$B, "<=" & $B$1 ), IF(_xlpm.result = 0, "", _xlpm.result) ) | K24: =_xlfn.LET( _xlpm.result, COUNTIFS( 'Deviation RC Data'!$O:$O, $A24, 'Deviation RC Data'!Y:Y, "x", 'Deviation RC Data'!$B:$B, ">=" & EDATE($B$1, -12), 'Deviation RC Data'!$B:$B, "<=" & $B$1 ), IF(_xlpm.result = 0, "", _xlpm.result) ) | L24: =_xlfn.LET( _xlpm.result, COUNTIFS( 'Deviation RC Data'!$O:$O, $A24, 'Deviation RC Data'!Z:Z, "x", 'Deviation RC Data'!$B:$B, ">=" & EDATE($B$1, -12), 'Deviation RC Data'!$B:$B, "<=" & $B$1 ), IF(_xlpm.result = 0, "", _xlpm.result) ) | M24: =_xlfn.LET( _xlpm.result, COUNTIFS( 'Deviation RC Data'!$O:$O, $A24, 'Deviation RC Data'!AA:AA, "x", 'Deviation RC Data'!$B:$B, ">=" & EDATE($B$1, -12), 'Deviation RC Data'!$B:$B, "<=" & $B$1 ), IF(_xlpm.result = 0, "", _xlpm.result) ) | N24: =_xlfn.LET( _xlpm.result, COUNTIFS( 'Deviation RC Data'!$O:$O, $A24, 'Deviation RC Data'!AB:AB, "x", 'Deviation RC Data'!$B:$B, ">=" & EDATE($B$1, -12), 'Deviation RC Data'!$B:$B, "<=" & $B$1 ), IF(_xlpm.result = 0, "", _xlpm.result) ) | O24: =_xlfn.LET( _xlpm.result, COUNTIFS( 'Deviation RC Data'!$O:$O, $A24, 'Deviation RC Data'!AC:AC, "x", 'Deviation RC Data'!$B:$B, ">=" & EDATE($B$1, -12), 'Deviation RC Data'!$B:$B, "<=" & $B$1 ), IF(_xlpm.result = 0, "", _xlpm.result) ) | P24: =_xlfn.LET( _xlpm.result, COUNTIFS( 'Deviation RC Data'!$O:$O, $A24, 'Deviation RC Data'!AD:AD, "x", 'Deviation RC Data'!$B:$B, ">=" & EDATE($B$1, -12), 'Deviation RC Data'!$B:$B, "<=" & $B$1 ), IF(_xlpm.result = 0, "", _xlpm.result) ) | Q24: =_xlfn.LET( _xlpm.result, COUNTIFS( 'Deviation RC Data'!$O:$O, $A24, 'Deviation RC Data'!AE:AE, "x", 'Deviation RC Data'!$B:$B, ">=" & EDATE($B$1, -12), 'Deviation RC Data'!$B:$B, "<=" & $B$1 ), IF(_xlpm.result = 0, "", _xlpm.result) ) | R24: =_xlfn.LET( _xlpm.result, COUNTIFS( 'Deviation RC Data'!$O:$O, $A24, 'Deviation RC Data'!AF:AF, "x", 'Deviation RC Data'!$B:$B, ">=" & EDATE($B$1, -12), 'Deviation RC Data'!$B:$B, "<=" & $B$1 ), IF(_xlpm.result = 0, "", _xlpm.result) ) | S24: =_xlfn.LET( _xlpm.result, COUNTIFS( 'Deviation RC Data'!$O:$O, $A24, 'Deviation RC Data'!AG:AG, "x", 'Deviation RC Data'!$B:$B, ">=" & EDATE($B$1, -12), 'Deviation RC Data'!$B:$B, "<=" & $B$1 ), IF(_xlpm.result = 0, "", _xlpm.result) ) | T24: =_xlfn.LET( _xlpm.result, COUNTIFS( 'Deviation RC Data'!$O:$O, $A24, 'Deviation RC Data'!AH:AH, "x", 'Deviation RC Data'!$B:$B, ">=" & EDATE($B$1, -12), 'Deviation RC Data'!$B:$B, "<=" & $B$1 ), IF(_xlpm.result = 0, "", _xlpm.result) )
A25: Product Mixup | B25: =_xlfn.LET( _xlpm.result, COUNTIFS( 'Deviation RC Data'!$O:$O, $A25, 'Deviation RC Data'!P:P, "x", 'Deviation RC Data'!$B:$B, ">=" & EDATE($B$1, -12), 'Deviation RC Data'!$B:$B, "<=" & $B$1 ), IF(_xlpm.result = 0, "", _xlpm.result) ) -> 1 | C25: =_xlfn.LET( _xlpm.result, COUNTIFS( 'Deviation RC Data'!$O:$O, $A25, 'Deviation RC Data'!Q:Q, "x", 'Deviation RC Data'!$B:$B, ">=" & EDATE($B$1, -12), 'Deviation RC Data'!$B:$B, "<=" & $B$1 ), IF(_xlpm.result = 0, "", _xlpm.result) ) | D25: =_xlfn.LET( _xlpm.result, COUNTIFS( 'Deviation RC Data'!$O:$O, $A25, 'Deviation RC Data'!R:R, "x", 'Deviation RC Data'!$B:$B, ">=" & EDATE($B$1, -12), 'Deviation RC Data'!$B:$B, "<=" & $B$1 ), IF(_xlpm.result = 0, "", _xlpm.result) ) | E25: =_xlfn.LET( _xlpm.result, COUNTIFS( 'Deviation RC Data'!$O:$O, $A25, 'Deviation RC Data'!S:S, "x", 'Deviation RC Data'!$B:$B, ">=" & EDATE($B$1, -12), 'Deviation RC Data'!$B:$B, "<=" & $B$1 ), IF(_xlpm.result = 0, "", _xlpm.result) ) | F25: =_xlfn.LET( _xlpm.result, COUNTIFS( 'Deviation RC Data'!$O:$O, $A25, 'Deviation RC Data'!T:T, "x", 'Deviation RC Data'!$B:$B, ">=" & EDATE($B$1, -12), 'Deviation RC Data'!$B:$B, "<=" & $B$1 ), IF(_xlpm.result = 0, "", _xlpm.result) ) | G25: =_xlfn.LET( _xlpm.result, COUNTIFS( 'Deviation RC Data'!$O:$O, $A25, 'Deviation RC Data'!U:U, "x", 'Deviation RC Data'!$B:$B, ">=" & EDATE($B$1, -12), 'Deviation RC Data'!$B:$B, "<=" & $B$1 ), IF(_xlpm.result = 0, "", _xlpm.result) ) | H25: =_xlfn.LET( _xlpm.result, COUNTIFS( 'Deviation RC Data'!$O:$O, $A25, 'Deviation RC Data'!V:V, "x", 'Deviation RC Data'!$B:$B, ">=" & EDATE($B$1, -12), 'Deviation RC Data'!$B:$B, "<=" & $B$1 ), IF(_xlpm.result = 0, "", _xlpm.result) ) | I25: =_xlfn.LET( _xlpm.result, COUNTIFS( 'Deviation RC Data'!$O:$O, $A25, 'Deviation RC Data'!W:W, "x", 'Deviation RC Data'!$B:$B, ">=" & EDATE($B$1, -12), 'Deviation RC Data'!$B:$B, "<=" & $B$1 ), IF(_xlpm.result = 0, "", _xlpm.result) ) | J25: =_xlfn.LET( _xlpm.result, COUNTIFS( 'Deviation RC Data'!$O:$O, $A25, 'Deviation RC Data'!X:X, "x", 'Deviation RC Data'!$B:$B, ">=" & EDATE($B$1, -12), 'Deviation RC Data'!$B:$B, "<=" & $B$1 ), IF(_xlpm.result = 0, "", _xlpm.result) ) | K25: =_xlfn.LET( _xlpm.result, COUNTIFS( 'Deviation RC Data'!$O:$O, $A25, 'Deviation RC Data'!Y:Y, "x", 'Deviation RC Data'!$B:$B, ">=" & EDATE($B$1, -12), 'Deviation RC Data'!$B:$B, "<=" & $B$1 ), IF(_xlpm.result = 0, "", _xlpm.result) ) | L25: =_xlfn.LET( _xlpm.result, COUNTIFS( 'Deviation RC Data'!$O:$O, $A25, 'Deviation RC Data'!Z:Z, "x", 'Deviation RC Data'!$B:$B, ">=" & EDATE($B$1, -12), 'Deviation RC Data'!$B:$B, "<=" & $B$1 ), IF(_xlpm.result = 0, "", _xlpm.result) ) | M25: =_xlfn.LET( _xlpm.result, COUNTIFS( 'Deviation RC Data'!$O:$O, $A25, 'Deviation RC Data'!AA:AA, "x", 'Deviation RC Data'!$B:$B, ">=" & EDATE($B$1, -12), 'Deviation RC Data'!$B:$B, "<=" & $B$1 ), IF(_xlpm.result = 0, "", _xlpm.result) ) | N25: =_xlfn.LET( _xlpm.result, COUNTIFS( 'Deviation RC Data'!$O:$O, $A25, 'Deviation RC Data'!AB:AB, "x", 'Deviation RC Data'!$B:$B, ">=" & EDATE($B$1, -12), 'Deviation RC Data'!$B:$B, "<=" & $B$1 ), IF(_xlpm.result = 0, "", _xlpm.result) ) | O25: =_xlfn.LET( _xlpm.result, COUNTIFS( 'Deviation RC Data'!$O:$O, $A25, 'Deviation RC Data'!AC:AC, "x", 'Deviation RC Data'!$B:$B, ">=" & EDATE($B$1, -12), 'Deviation RC Data'!$B:$B, "<=" & $B$1 ), IF(_xlpm.result = 0, "", _xlpm.result) ) | P25: =_xlfn.LET( _xlpm.result, COUNTIFS( 'Deviation RC Data'!$O:$O, $A25, 'Deviation RC Data'!AD:AD, "x", 'Deviation RC Data'!$B:$B, ">=" & EDATE($B$1, -12), 'Deviation RC Data'!$B:$B, "<=" & $B$1 ), IF(_xlpm.result = 0, "", _xlpm.result) ) | Q25: =_xlfn.LET( _xlpm.result, COUNTIFS( 'Deviation RC Data'!$O:$O, $A25, 'Deviation RC Data'!AE:AE, "x", 'Deviation RC Data'!$B:$B, ">=" & EDATE($B$1, -12), 'Deviation RC Data'!$B:$B, "<=" & $B$1 ), IF(_xlpm.result = 0, "", _xlpm.result) ) | R25: =_xlfn.LET( _xlpm.result, COUNTIFS( 'Deviation RC Data'!$O:$O, $A25, 'Deviation RC Data'!AF:AF, "x", 'Deviation RC Data'!$B:$B, ">=" & EDATE($B$1, -12), 'Deviation RC Data'!$B:$B, "<=" & $B$1 ), IF(_xlpm.result = 0, "", _xlpm.result) ) | S25: =_xlfn.LET( _xlpm.result, COUNTIFS( 'Deviation RC Data'!$O:$O, $A25, 'Deviation RC Data'!AG:AG, "x", 'Deviation RC Data'!$B:$B, ">=" & EDATE($B$1, -12), 'Deviation RC Data'!$B:$B, "<=" & $B$1 ), IF(_xlpm.result = 0, "", _xlpm.result) ) | T25: =_xlfn.LET( _xlpm.result, COUNTIFS( 'Deviation RC Data'!$O:$O, $A25, 'Deviation RC Data'!AH:AH, "x", 'Deviation RC Data'!$B:$B, ">=" & EDATE($B$1, -12), 'Deviation RC Data'!$B:$B, "<=" & $B$1 ), IF(_xlpm.result = 0, "", _xlpm.result) )
A26: Equipment Validation | B26: =_xlfn.LET( _xlpm.result, COUNTIFS( 'Deviation RC Data'!$O:$O, $A26, 'Deviation RC Data'!P:P, "x", 'Deviation RC Data'!$B:$B, ">=" & EDATE($B$1, -12), 'Deviation RC Data'!$B:$B, "<=" & $B$1 ), IF(_xlpm.result = 0, "", _xlpm.result) ) | C26: =_xlfn.LET( _xlpm.result, COUNTIFS( 'Deviation RC Data'!$O:$O, $A26, 'Deviation RC Data'!Q:Q, "x", 'Deviation RC Data'!$B:$B, ">=" & EDATE($B$1, -12), 'Deviation RC Data'!$B:$B, "<=" & $B$1 ), IF(_xlpm.result = 0, "", _xlpm.result) ) | D26: =_xlfn.LET( _xlpm.result, COUNTIFS( 'Deviation RC Data'!$O:$O, $A26, 'Deviation RC Data'!R:R, "x", 'Deviation RC Data'!$B:$B, ">=" & EDATE($B$1, -12), 'Deviation RC Data'!$B:$B, "<=" & $B$1 ), IF(_xlpm.result = 0, "", _xlpm.result) ) | E26: =_xlfn.LET( _xlpm.result, COUNTIFS( 'Deviation RC Data'!$O:$O, $A26, 'Deviation RC Data'!S:S, "x", 'Deviation RC Data'!$B:$B, ">=" & EDATE($B$1, -12), 'Deviation RC Data'!$B:$B, "<=" & $B$1 ), IF(_xlpm.result = 0, "", _xlpm.result) ) | F26: =_xlfn.LET( _xlpm.result, COUNTIFS( 'Deviation RC Data'!$O:$O, $A26, 'Deviation RC Data'!T:T, "x", 'Deviation RC Data'!$B:$B, ">=" & EDATE($B$1, -12), 'Deviation RC Data'!$B:$B, "<=" & $B$1 ), IF(_xlpm.result = 0, "", _xlpm.result) ) | G26: =_xlfn.LET( _xlpm.result, COUNTIFS( 'Deviation RC Data'!$O:$O, $A26, 'Deviation RC Data'!U:U, "x", 'Deviation RC Data'!$B:$B, ">=" & EDATE($B$1, -12), 'Deviation RC Data'!$B:$B, "<=" & $B$1 ), IF(_xlpm.result = 0, "", _xlpm.result) ) | H26: =_xlfn.LET( _xlpm.result, COUNTIFS( 'Deviation RC Data'!$O:$O, $A26, 'Deviation RC Data'!V:V, "x", 'Deviation RC Data'!$B:$B, ">=" & EDATE($B$1, -12), 'Deviation RC Data'!$B:$B, "<=" & $B$1 ), IF(_xlpm.result = 0, "", _xlpm.result) ) | I26: =_xlfn.LET( _xlpm.result, COUNTIFS( 'Deviation RC Data'!$O:$O, $A26, 'Deviation RC Data'!W:W, "x", 'Deviation RC Data'!$B:$B, ">=" & EDATE($B$1, -12), 'Deviation RC Data'!$B:$B, "<=" & $B$1 ), IF(_xlpm.result = 0, "", _xlpm.result) ) | J26: =_xlfn.LET( _xlpm.result, COUNTIFS( 'Deviation RC Data'!$O:$O, $A26, 'Deviation RC Data'!X:X, "x", 'Deviation RC Data'!$B:$B, ">=" & EDATE($B$1, -12), 'Deviation RC Data'!$B:$B, "<=" & $B$1 ), IF(_xlpm.result = 0, "", _xlpm.result) ) | K26: =_xlfn.LET( _xlpm.result, COUNTIFS( 'Deviation RC Data'!$O:$O, $A26, 'Deviation RC Data'!Y:Y, "x", 'Deviation RC Data'!$B:$B, ">=" & EDATE($B$1, -12), 'Deviation RC Data'!$B:$B, "<=" & $B$1 ), IF(_xlpm.result = 0, "", _xlpm.result) ) | L26: =_xlfn.LET( _xlpm.result, COUNTIFS( 'Deviation RC Data'!$O:$O, $A26, 'Deviation RC Data'!Z:Z, "x", 'Deviation RC Data'!$B:$B, ">=" & EDATE($B$1, -12), 'Deviation RC Data'!$B:$B, "<=" & $B$1 ), IF(_xlpm.result = 0, "", _xlpm.result) ) | M26: =_xlfn.LET( _xlpm.result, COUNTIFS( 'Deviation RC Data'!$O:$O, $A26, 'Deviation RC Data'!AA:AA, "x", 'Deviation RC Data'!$B:$B, ">=" & EDATE($B$1, -12), 'Deviation RC Data'!$B:$B, "<=" & $B$1 ), IF(_xlpm.result = 0, "", _xlpm.result) ) | N26: =_xlfn.LET( _xlpm.result, COUNTIFS( 'Deviation RC Data'!$O:$O, $A26, 'Deviation RC Data'!AB:AB, "x", 'Deviation RC Data'!$B:$B, ">=" & EDATE($B$1, -12), 'Deviation RC Data'!$B:$B, "<=" & $B$1 ), IF(_xlpm.result = 0, "", _xlpm.result) ) | O26: =_xlfn.LET( _xlpm.result, COUNTIFS( 'Deviation RC Data'!$O:$O, $A26, 'Deviation RC Data'!AC:AC, "x", 'Deviation RC Data'!$B:$B, ">=" & EDATE($B$1, -12), 'Deviation RC Data'!$B:$B, "<=" & $B$1 ), IF(_xlpm.result = 0, "", _xlpm.result) ) | P26: =_xlfn.LET( _xlpm.result, COUNTIFS( 'Deviation RC Data'!$O:$O, $A26, 'Deviation RC Data'!AD:AD, "x", 'Deviation RC Data'!$B:$B, ">=" & EDATE($B$1, -12), 'Deviation RC Data'!$B:$B, "<=" & $B$1 ), IF(_xlpm.result = 0, "", _xlpm.result) ) | Q26: =_xlfn.LET( _xlpm.result, COUNTIFS( 'Deviation RC Data'!$O:$O, $A26, 'Deviation RC Data'!AE:AE, "x", 'Deviation RC Data'!$B:$B, ">=" & EDATE($B$1, -12), 'Deviation RC Data'!$B:$B, "<=" & $B$1 ), IF(_xlpm.result = 0, "", _xlpm.result) ) | R26: =_xlfn.LET( _xlpm.result, COUNTIFS( 'Deviation RC Data'!$O:$O, $A26, 'Deviation RC Data'!AF:AF, "x", 'Deviation RC Data'!$B:$B, ">=" & EDATE($B$1, -12), 'Deviation RC Data'!$B:$B, "<=" & $B$1 ), IF(_xlpm.result = 0, "", _xlpm.result) ) | S26: =_xlfn.LET( _xlpm.result, COUNTIFS( 'Deviation RC Data'!$O:$O, $A26, 'Deviation RC Data'!AG:AG, "x", 'Deviation RC Data'!$B:$B, ">=" & EDATE($B$1, -12), 'Deviation RC Data'!$B:$B, "<=" & $B$1 ), IF(_xlpm.result = 0, "", _xlpm.result) ) | T26: =_xlfn.LET( _xlpm.result, COUNTIFS( 'Deviation RC Data'!$O:$O, $A26, 'Deviation RC Data'!AH:AH, "x", 'Deviation RC Data'!$B:$B, ">=" & EDATE($B$1, -12), 'Deviation RC Data'!$B:$B, "<=" & $B$1 ), IF(_xlpm.result = 0, "", _xlpm.result) )
A27: Other - Transport | B27: =_xlfn.LET( _xlpm.result, COUNTIFS( 'Deviation RC Data'!$O:$O, $A27, 'Deviation RC Data'!P:P, "x", 'Deviation RC Data'!$B:$B, ">=" & EDATE($B$1, -12), 'Deviation RC Data'!$B:$B, "<=" & $B$1 ), IF(_xlpm.result = 0, "", _xlpm.result) ) | C27: =_xlfn.LET( _xlpm.result, COUNTIFS( 'Deviation RC Data'!$O:$O, $A27, 'Deviation RC Data'!Q:Q, "x", 'Deviation RC Data'!$B:$B, ">=" & EDATE($B$1, -12), 'Deviation RC Data'!$B:$B, "<=" & $B$1 ), IF(_xlpm.result = 0, "", _xlpm.result) ) | D27: =_xlfn.LET( _xlpm.result, COUNTIFS( 'Deviation RC Data'!$O:$O, $A27, 'Deviation RC Data'!R:R, "x", 'Deviation RC Data'!$B:$B, ">=" & EDATE($B$1, -12), 'Deviation RC Data'!$B:$B, "<=" & $B$1 ), IF(_xlpm.result = 0, "", _xlpm.result) ) | E27: =_xlfn.LET( _xlpm.result, COUNTIFS( 'Deviation RC Data'!$O:$O, $A27, 'Deviation RC Data'!S:S, "x", 'Deviation RC Data'!$B:$B, ">=" & EDATE($B$1, -12), 'Deviation RC Data'!$B:$B, "<=" & $B$1 ), IF(_xlpm.result = 0, "", _xlpm.result) ) | F27: =_xlfn.LET( _xlpm.result, COUNTIFS( 'Deviation RC Data'!$O:$O, $A27, 'Deviation RC Data'!T:T, "x", 'Deviation RC Data'!$B:$B, ">=" & EDATE($B$1, -12), 'Deviation RC Data'!$B:$B, "<=" & $B$1 ), IF(_xlpm.result = 0, "", _xlpm.result) ) | G27: =_xlfn.LET( _xlpm.result, COUNTIFS( 'Deviation RC Data'!$O:$O, $A27, 'Deviation RC Data'!U:U, "x", 'Deviation RC Data'!$B:$B, ">=" & EDATE($B$1, -12), 'Deviation RC Data'!$B:$B, "<=" & $B$1 ), IF(_xlpm.result = 0, "", _xlpm.result) ) | H27: =_xlfn.LET( _xlpm.result, COUNTIFS( 'Deviation RC Data'!$O:$O, $A27, 'Deviation RC Data'!V:V, "x", 'Deviation RC Data'!$B:$B, ">=" & EDATE($B$1, -12), 'Deviation RC Data'!$B:$B, "<=" & $B$1 ), IF(_xlpm.result = 0, "", _xlpm.result) ) | I27: =_xlfn.LET( _xlpm.result, COUNTIFS( 'Deviation RC Data'!$O:$O, $A27, 'Deviation RC Data'!W:W, "x", 'Deviation RC Data'!$B:$B, ">=" & EDATE($B$1, -12), 'Deviation RC Data'!$B:$B, "<=" & $B$1 ), IF(_xlpm.result = 0, "", _xlpm.result) ) | J27: =_xlfn.LET( _xlpm.result, COUNTIFS( 'Deviation RC Data'!$O:$O, $A27, 'Deviation RC Data'!X:X, "x", 'Deviation RC Data'!$B:$B, ">=" & EDATE($B$1, -12), 'Deviation RC Data'!$B:$B, "<=" & $B$1 ), IF(_xlpm.result = 0, "", _xlpm.result) ) | K27: =_xlfn.LET( _xlpm.result, COUNTIFS( 'Deviation RC Data'!$O:$O, $A27, 'Deviation RC Data'!Y:Y, "x", 'Deviation RC Data'!$B:$B, ">=" & EDATE($B$1, -12), 'Deviation RC Data'!$B:$B, "<=" & $B$1 ), IF(_xlpm.result = 0, "", _xlpm.result) ) | L27: =_xlfn.LET( _xlpm.result, COUNTIFS( 'Deviation RC Data'!$O:$O, $A27, 'Deviation RC Data'!Z:Z, "x", 'Deviation RC Data'!$B:$B, ">=" & EDATE($B$1, -12), 'Deviation RC Data'!$B:$B, "<=" & $B$1 ), IF(_xlpm.result = 0, "", _xlpm.result) ) | M27: =_xlfn.LET( _xlpm.result, COUNTIFS( 'Deviation RC Data'!$O:$O, $A27, 'Deviation RC Data'!AA:AA, "x", 'Deviation RC Data'!$B:$B, ">=" & EDATE($B$1, -12), 'Deviation RC Data'!$B:$B, "<=" & $B$1 ), IF(_xlpm.result = 0, "", _xlpm.result) ) | N27: =_xlfn.LET( _xlpm.result, COUNTIFS( 'Deviation RC Data'!$O:$O, $A27, 'Deviation RC Data'!AB:AB, "x", 'Deviation RC Data'!$B:$B, ">=" & EDATE($B$1, -12), 'Deviation RC Data'!$B:$B, "<=" & $B$1 ), IF(_xlpm.result = 0, "", _xlpm.result) ) | O27: =_xlfn.LET( _xlpm.result, COUNTIFS( 'Deviation RC Data'!$O:$O, $A27, 'Deviation RC Data'!AC:AC, "x", 'Deviation RC Data'!$B:$B, ">=" & EDATE($B$1, -12), 'Deviation RC Data'!$B:$B, "<=" & $B$1 ), IF(_xlpm.result = 0, "", _xlpm.result) ) | P27: =_xlfn.LET( _xlpm.result, COUNTIFS( 'Deviation RC Data'!$O:$O, $A27, 'Deviation RC Data'!AD:AD, "x", 'Deviation RC Data'!$B:$B, ">=" & EDATE($B$1, -12), 'Deviation RC Data'!$B:$B, "<=" & $B$1 ), IF(_xlpm.result = 0, "", _xlpm.result) ) | Q27: =_xlfn.LET( _xlpm.result, COUNTIFS( 'Deviation RC Data'!$O:$O, $A27, 'Deviation RC Data'!AE:AE, "x", 'Deviation RC Data'!$B:$B, ">=" & EDATE($B$1, -12), 'Deviation RC Data'!$B:$B, "<=" & $B$1 ), IF(_xlpm.result = 0, "", _xlpm.result) ) | R27: =_xlfn.LET( _xlpm.result, COUNTIFS( 'Deviation RC Data'!$O:$O, $A27, 'Deviation RC Data'!AF:AF, "x", 'Deviation RC Data'!$B:$B, ">=" & EDATE($B$1, -12), 'Deviation RC Data'!$B:$B, "<=" & $B$1 ), IF(_xlpm.result = 0, "", _xlpm.result) ) | S27: =_xlfn.LET( _xlpm.result, COUNTIFS( 'Deviation RC Data'!$O:$O, $A27, 'Deviation RC Data'!AG:AG, "x", 'Deviation RC Data'!$B:$B, ">=" & EDATE($B$1, -12), 'Deviation RC Data'!$B:$B, "<=" & $B$1 ), IF(_xlpm.result = 0, "", _xlpm.result) ) | T27: =_xlfn.LET( _xlpm.result, COUNTIFS( 'Deviation RC Data'!$O:$O, $A27, 'Deviation RC Data'!AH:AH, "x", 'Deviation RC Data'!$B:$B, ">=" & EDATE($B$1, -12), 'Deviation RC Data'!$B:$B, "<=" & $B$1 ), IF(_xlpm.result = 0, "", _xlpm.result) )
A28: Validation | B28: =_xlfn.LET( _xlpm.result, COUNTIFS( 'Deviation RC Data'!$O:$O, $A28, 'Deviation RC Data'!P:P, "x", 'Deviation RC Data'!$B:$B, ">=" & EDATE($B$1, -12), 'Deviation RC Data'!$B:$B, "<=" & $B$1 ), IF(_xlpm.result = 0, "", _xlpm.result) ) | C28: =_xlfn.LET( _xlpm.result, COUNTIFS( 'Deviation RC Data'!$O:$O, $A28, 'Deviation RC Data'!Q:Q, "x", 'Deviation RC Data'!$B:$B, ">=" & EDATE($B$1, -12), 'Deviation RC Data'!$B:$B, "<=" & $B$1 ), IF(_xlpm.result = 0, "", _xlpm.result) ) | D28: =_xlfn.LET( _xlpm.result, COUNTIFS( 'Deviation RC Data'!$O:$O, $A28, 'Deviation RC Data'!R:R, "x", 'Deviation RC Data'!$B:$B, ">=" & EDATE($B$1, -12), 'Deviation RC Data'!$B:$B, "<=" & $B$1 ), IF(_xlpm.result = 0, "", _xlpm.result) ) | E28: =_xlfn.LET( _xlpm.result, COUNTIFS( 'Deviation RC Data'!$O:$O, $A28, 'Deviation RC Data'!S:S, "x", 'Deviation RC Data'!$B:$B, ">=" & EDATE($B$1, -12), 'Deviation RC Data'!$B:$B, "<=" & $B$1 ), IF(_xlpm.result = 0, "", _xlpm.result) ) | F28: =_xlfn.LET( _xlpm.result, COUNTIFS( 'Deviation RC Data'!$O:$O, $A28, 'Deviation RC Data'!T:T, "x", 'Deviation RC Data'!$B:$B, ">=" & EDATE($B$1, -12), 'Deviation RC Data'!$B:$B, "<=" & $B$1 ), IF(_xlpm.result = 0, "", _xlpm.result) ) | G28: =_xlfn.LET( _xlpm.result, COUNTIFS( 'Deviation RC Data'!$O:$O, $A28, 'Deviation RC Data'!U:U, "x", 'Deviation RC Data'!$B:$B, ">=" & EDATE($B$1, -12), 'Deviation RC Data'!$B:$B, "<=" & $B$1 ), IF(_xlpm.result = 0, "", _xlpm.result) ) | H28: =_xlfn.LET( _xlpm.result, COUNTIFS( 'Deviation RC Data'!$O:$O, $A28, 'Deviation RC Data'!V:V, "x", 'Deviation RC Data'!$B:$B, ">=" & EDATE($B$1, -12), 'Deviation RC Data'!$B:$B, "<=" & $B$1 ), IF(_xlpm.result = 0, "", _xlpm.result) ) | I28: =_xlfn.LET( _xlpm.result, COUNTIFS( 'Deviation RC Data'!$O:$O, $A28, 'Deviation RC Data'!W:W, "x", 'Deviation RC Data'!$B:$B, ">=" & EDATE($B$1, -12), 'Deviation RC Data'!$B:$B, "<=" & $B$1 ), IF(_xlpm.result = 0, "", _xlpm.result) ) | J28: =_xlfn.LET( _xlpm.result, COUNTIFS( 'Deviation RC Data'!$O:$O, $A28, 'Deviation RC Data'!X:X, "x", 'Deviation RC Data'!$B:$B, ">=" & EDATE($B$1, -12), 'Deviation RC Data'!$B:$B, "<=" & $B$1 ), IF(_xlpm.result = 0, "", _xlpm.result) ) | K28: =_xlfn.LET( _xlpm.result, COUNTIFS( 'Deviation RC Data'!$O:$O, $A28, 'Deviation RC Data'!Y:Y, "x", 'Deviation RC Data'!$B:$B, ">=" & EDATE($B$1, -12), 'Deviation RC Data'!$B:$B, "<=" & $B$1 ), IF(_xlpm.result = 0, "", _xlpm.result) ) | L28: =_xlfn.LET( _xlpm.result, COUNTIFS( 'Deviation RC Data'!$O:$O, $A28, 'Deviation RC Data'!Z:Z, "x", 'Deviation RC Data'!$B:$B, ">=" & EDATE($B$1, -12), 'Deviation RC Data'!$B:$B, "<=" & $B$1 ), IF(_xlpm.result = 0, "", _xlpm.result) ) | M28: =_xlfn.LET( _xlpm.result, COUNTIFS( 'Deviation RC Data'!$O:$O, $A28, 'Deviation RC Data'!AA:AA, "x", 'Deviation RC Data'!$B:$B, ">=" & EDATE($B$1, -12), 'Deviation RC Data'!$B:$B, "<=" & $B$1 ), IF(_xlpm.result = 0, "", _xlpm.result) ) | N28: =_xlfn.LET( _xlpm.result, COUNTIFS( 'Deviation RC Data'!$O:$O, $A28, 'Deviation RC Data'!AB:AB, "x", 'Deviation RC Data'!$B:$B, ">=" & EDATE($B$1, -12), 'Deviation RC Data'!$B:$B, "<=" & $B$1 ), IF(_xlpm.result = 0, "", _xlpm.result) ) | O28: =_xlfn.LET( _xlpm.result, COUNTIFS( 'Deviation RC Data'!$O:$O, $A28, 'Deviation RC Data'!AC:AC, "x", 'Deviation RC Data'!$B:$B, ">=" & EDATE($B$1, -12), 'Deviation RC Data'!$B:$B, "<=" & $B$1 ), IF(_xlpm.result = 0, "", _xlpm.result) ) | P28: =_xlfn.LET( _xlpm.result, COUNTIFS( 'Deviation RC Data'!$O:$O, $A28, 'Deviation RC Data'!AD:AD, "x", 'Deviation RC Data'!$B:$B, ">=" & EDATE($B$1, -12), 'Deviation RC Data'!$B:$B, "<=" & $B$1 ), IF(_xlpm.result = 0, "", _xlpm.result) ) | Q28: =_xlfn.LET( _xlpm.result, COUNTIFS( 'Deviation RC Data'!$O:$O, $A28, 'Deviation RC Data'!AE:AE, "x", 'Deviation RC Data'!$B:$B, ">=" & EDATE($B$1, -12), 'Deviation RC Data'!$B:$B, "<=" & $B$1 ), IF(_xlpm.result = 0, "", _xlpm.result) ) | R28: =_xlfn.LET( _xlpm.result, COUNTIFS( 'Deviation RC Data'!$O:$O, $A28, 'Deviation RC Data'!AF:AF, "x", 'Deviation RC Data'!$B:$B, ">=" & EDATE($B$1, -12), 'Deviation RC Data'!$B:$B, "<=" & $B$1 ), IF(_xlpm.result = 0, "", _xlpm.result) ) | S28: =_xlfn.LET( _xlpm.result, COUNTIFS( 'Deviation RC Data'!$O:$O, $A28, 'Deviation RC Data'!AG:AG, "x", 'Deviation RC Data'!$B:$B, ">=" & EDATE($B$1, -12), 'Deviation RC Data'!$B:$B, "<=" & $B$1 ), IF(_xlpm.result = 0, "", _xlpm.result) ) | T28: =_xlfn.LET( _xlpm.result, COUNTIFS( 'Deviation RC Data'!$O:$O, $A28, 'Deviation RC Data'!AH:AH, "x", 'Deviation RC Data'!$B:$B, ">=" & EDATE($B$1, -12), 'Deviation RC Data'!$B:$B, "<=" & $B$1 ), IF(_xlpm.result = 0, "", _xlpm.result) )
A29: Product Formulation | B29: =_xlfn.LET( _xlpm.result, COUNTIFS( 'Deviation RC Data'!$O:$O, $A29, 'Deviation RC Data'!P:P, "x", 'Deviation RC Data'!$B:$B, ">=" & EDATE($B$1, -12), 'Deviation RC Data'!$B:$B, "<=" & $B$1 ), IF(_xlpm.result = 0, "", _xlpm.result) ) | C29: =_xlfn.LET( _xlpm.result, COUNTIFS( 'Deviation RC Data'!$O:$O, $A29, 'Deviation RC Data'!Q:Q, "x", 'Deviation RC Data'!$B:$B, ">=" & EDATE($B$1, -12), 'Deviation RC Data'!$B:$B, "<=" & $B$1 ), IF(_xlpm.result = 0, "", _xlpm.result) ) -> 1 | D29: =_xlfn.LET( _xlpm.result, COUNTIFS( 'Deviation RC Data'!$O:$O, $A29, 'Deviation RC Data'!R:R, "x", 'Deviation RC Data'!$B:$B, ">=" & EDATE($B$1, -12), 'Deviation RC Data'!$B:$B, "<=" & $B$1 ), IF(_xlpm.result = 0, "", _xlpm.result) ) | E29: =_xlfn.LET( _xlpm.result, COUNTIFS( 'Deviation RC Data'!$O:$O, $A29, 'Deviation RC Data'!S:S, "x", 'Deviation RC Data'!$B:$B, ">=" & EDATE($B$1, -12), 'Deviation RC Data'!$B:$B, "<=" & $B$1 ), IF(_xlpm.result = 0, "", _xlpm.result) ) | F29: =_xlfn.LET( _xlpm.result, COUNTIFS( 'Deviation RC Data'!$O:$O, $A29, 'Deviation RC Data'!T:T, "x", 'Deviation RC Data'!$B:$B, ">=" & EDATE($B$1, -12), 'Deviation RC Data'!$B:$B, "<=" & $B$1 ), IF(_xlpm.result = 0, "", _xlpm.result) ) | G29: =_xlfn.LET( _xlpm.result, COUNTIFS( 'Deviation RC Data'!$O:$O, $A29, 'Deviation RC Data'!U:U, "x", 'Deviation RC Data'!$B:$B, ">=" & EDATE($B$1, -12), 'Deviation RC Data'!$B:$B, "<=" & $B$1 ), IF(_xlpm.result = 0, "", _xlpm.result) ) | H29: =_xlfn.LET( _xlpm.result, COUNTIFS( 'Deviation RC Data'!$O:$O, $A29, 'Deviation RC Data'!V:V, "x", 'Deviation RC Data'!$B:$B, ">=" & EDATE($B$1, -12), 'Deviation RC Data'!$B:$B, "<=" & $B$1 ), IF(_xlpm.result = 0, "", _xlpm.result) ) -> 1 | I29: =_xlfn.LET( _xlpm.result, COUNTIFS( 'Deviation RC Data'!$O:$O, $A29, 'Deviation RC Data'!W:W, "x", 'Deviation RC Data'!$B:$B, ">=" & EDATE($B$1, -12), 'Deviation RC Data'!$B:$B, "<=" & $B$1 ), IF(_xlpm.result = 0, "", _xlpm.result) ) | J29: =_xlfn.LET( _xlpm.result, COUNTIFS( 'Deviation RC Data'!$O:$O, $A29, 'Deviation RC Data'!X:X, "x", 'Deviation RC Data'!$B:$B, ">=" & EDATE($B$1, -12), 'Deviation RC Data'!$B:$B, "<=" & $B$1 ), IF(_xlpm.result = 0, "", _xlpm.result) ) | K29: =_xlfn.LET( _xlpm.result, COUNTIFS( 'Deviation RC Data'!$O:$O, $A29, 'Deviation RC Data'!Y:Y, "x", 'Deviation RC Data'!$B:$B, ">=" & EDATE($B$1, -12), 'Deviation RC Data'!$B:$B, "<=" & $B$1 ), IF(_xlpm.result = 0, "", _xlpm.result) ) | L29: =_xlfn.LET( _xlpm.result, COUNTIFS( 'Deviation RC Data'!$O:$O, $A29, 'Deviation RC Data'!Z:Z, "x", 'Deviation RC Data'!$B:$B, ">=" & EDATE($B$1, -12), 'Deviation RC Data'!$B:$B, "<=" & $B$1 ), IF(_xlpm.result = 0, "", _xlpm.result) ) | M29: =_xlfn.LET( _xlpm.result, COUNTIFS( 'Deviation RC Data'!$O:$O, $A29, 'Deviation RC Data'!AA:AA, "x", 'Deviation RC Data'!$B:$B, ">=" & EDATE($B$1, -12), 'Deviation RC Data'!$B:$B, "<=" & $B$1 ), IF(_xlpm.result = 0, "", _xlpm.result) ) -> 1 | N29: =_xlfn.LET( _xlpm.result, COUNTIFS( 'Deviation RC Data'!$O:$O, $A29, 'Deviation RC Data'!AB:AB, "x", 'Deviation RC Data'!$B:$B, ">=" & EDATE($B$1, -12), 'Deviation RC Data'!$B:$B, "<=" & $B$1 ), IF(_xlpm.result = 0, "", _xlpm.result) ) | O29: =_xlfn.LET( _xlpm.result, COUNTIFS( 'Deviation RC Data'!$O:$O, $A29, 'Deviation RC Data'!AC:AC, "x", 'Deviation RC Data'!$B:$B, ">=" & EDATE($B$1, -12), 'Deviation RC Data'!$B:$B, "<=" & $B$1 ), IF(_xlpm.result = 0, "", _xlpm.result) ) | P29: =_xlfn.LET( _xlpm.result, COUNTIFS( 'Deviation RC Data'!$O:$O, $A29, 'Deviation RC Data'!AD:AD, "x", 'Deviation RC Data'!$B:$B, ">=" & EDATE($B$1, -12), 'Deviation RC Data'!$B:$B, "<=" & $B$1 ), IF(_xlpm.result = 0, "", _xlpm.result) ) | Q29: =_xlfn.LET( _xlpm.result, COUNTIFS( 'Deviation RC Data'!$O:$O, $A29, 'Deviation RC Data'!AE:AE, "x", 'Deviation RC Data'!$B:$B, ">=" & EDATE($B$1, -12), 'Deviation RC Data'!$B:$B, "<=" & $B$1 ), IF(_xlpm.result = 0, "", _xlpm.result) ) | R29: =_xlfn.LET( _xlpm.result, COUNTIFS( 'Deviation RC Data'!$O:$O, $A29, 'Deviation RC Data'!AF:AF, "x", 'Deviation RC Data'!$B:$B, ">=" & EDATE($B$1, -12), 'Deviation RC Data'!$B:$B, "<=" & $B$1 ), IF(_xlpm.result = 0, "", _xlpm.result) ) | S29: =_xlfn.LET( _xlpm.result, COUNTIFS( 'Deviation RC Data'!$O:$O, $A29, 'Deviation RC Data'!AG:AG, "x", 'Deviation RC Data'!$B:$B, ">=" & EDATE($B$1, -12), 'Deviation RC Data'!$B:$B, "<=" & $B$1 ), IF(_xlpm.result = 0, "", _xlpm.result) ) | T29: =_xlfn.LET( _xlpm.result, COUNTIFS( 'Deviation RC Data'!$O:$O, $A29, 'Deviation RC Data'!AH:AH, "x", 'Deviation RC Data'!$B:$B, ">=" & EDATE($B$1, -12), 'Deviation RC Data'!$B:$B, "<=" & $B$1 ), IF(_xlpm.result = 0, "", _xlpm.result) )
A30: Business Central | B30: =_xlfn.LET( _xlpm.result, COUNTIFS( 'Deviation RC Data'!$O:$O, $A30, 'Deviation RC Data'!P:P, "x", 'Deviation RC Data'!$B:$B, ">=" & EDATE($B$1, -12), 'Deviation RC Data'!$B:$B, "<=" & $B$1 ), IF(_xlpm.result = 0, "", _xlpm.result) ) | C30: =_xlfn.LET( _xlpm.result, COUNTIFS( 'Deviation RC Data'!$O:$O, $A30, 'Deviation RC Data'!Q:Q, "x", 'Deviation RC Data'!$B:$B, ">=" & EDATE($B$1, -12), 'Deviation RC Data'!$B:$B, "<=" & $B$1 ), IF(_xlpm.result = 0, "", _xlpm.result) ) | D30: =_xlfn.LET( _xlpm.result, COUNTIFS( 'Deviation RC Data'!$O:$O, $A30, 'Deviation RC Data'!R:R, "x", 'Deviation RC Data'!$B:$B, ">=" & EDATE($B$1, -12), 'Deviation RC Data'!$B:$B, "<=" & $B$1 ), IF(_xlpm.result = 0, "", _xlpm.result) ) | E30: =_xlfn.LET( _xlpm.result, COUNTIFS( 'Deviation RC Data'!$O:$O, $A30, 'Deviation RC Data'!S:S, "x", 'Deviation RC Data'!$B:$B, ">=" & EDATE($B$1, -12), 'Deviation RC Data'!$B:$B, "<=" & $B$1 ), IF(_xlpm.result = 0, "", _xlpm.result) ) | F30: =_xlfn.LET( _xlpm.result, COUNTIFS( 'Deviation RC Data'!$O:$O, $A30, 'Deviation RC Data'!T:T, "x", 'Deviation RC Data'!$B:$B, ">=" & EDATE($B$1, -12), 'Deviation RC Data'!$B:$B, "<=" & $B$1 ), IF(_xlpm.result = 0, "", _xlpm.result) ) | G30: =_xlfn.LET( _xlpm.result, COUNTIFS( 'Deviation RC Data'!$O:$O, $A30, 'Deviation RC Data'!U:U, "x", 'Deviation RC Data'!$B:$B, ">=" & EDATE($B$1, -12), 'Deviation RC Data'!$B:$B, "<=" & $B$1 ), IF(_xlpm.result = 0, "", _xlpm.result) ) | H30: =_xlfn.LET( _xlpm.result, COUNTIFS( 'Deviation RC Data'!$O:$O, $A30, 'Deviation RC Data'!V:V, "x", 'Deviation RC Data'!$B:$B, ">=" & EDATE($B$1, -12), 'Deviation RC Data'!$B:$B, "<=" & $B$1 ), IF(_xlpm.result = 0, "", _xlpm.result) ) | I30: =_xlfn.LET( _xlpm.result, COUNTIFS( 'Deviation RC Data'!$O:$O, $A30, 'Deviation RC Data'!W:W, "x", 'Deviation RC Data'!$B:$B, ">=" & EDATE($B$1, -12), 'Deviation RC Data'!$B:$B, "<=" & $B$1 ), IF(_xlpm.result = 0, "", _xlpm.result) ) | J30: =_xlfn.LET( _xlpm.result, COUNTIFS( 'Deviation RC Data'!$O:$O, $A30, 'Deviation RC Data'!X:X, "x", 'Deviation RC Data'!$B:$B, ">=" & EDATE($B$1, -12), 'Deviation RC Data'!$B:$B, "<=" & $B$1 ), IF(_xlpm.result = 0, "", _xlpm.result) ) | K30: =_xlfn.LET( _xlpm.result, COUNTIFS( 'Deviation RC Data'!$O:$O, $A30, 'Deviation RC Data'!Y:Y, "x", 'Deviation RC Data'!$B:$B, ">=" & EDATE($B$1, -12), 'Deviation RC Data'!$B:$B, "<=" & $B$1 ), IF(_xlpm.result = 0, "", _xlpm.result) ) | L30: =_xlfn.LET( _xlpm.result, COUNTIFS( 'Deviation RC Data'!$O:$O, $A30, 'Deviation RC Data'!Z:Z, "x", 'Deviation RC Data'!$B:$B, ">=" & EDATE($B$1, -12), 'Deviation RC Data'!$B:$B, "<=" & $B$1 ), IF(_xlpm.result = 0, "", _xlpm.result) ) | M30: =_xlfn.LET( _xlpm.result, COUNTIFS( 'Deviation RC Data'!$O:$O, $A30, 'Deviation RC Data'!AA:AA, "x", 'Deviation RC Data'!$B:$B, ">=" & EDATE($B$1, -12), 'Deviation RC Data'!$B:$B, "<=" & $B$1 ), IF(_xlpm.result = 0, "", _xlpm.result) ) | N30: =_xlfn.LET( _xlpm.result, COUNTIFS( 'Deviation RC Data'!$O:$O, $A30, 'Deviation RC Data'!AB:AB, "x", 'Deviation RC Data'!$B:$B, ">=" & EDATE($B$1, -12), 'Deviation RC Data'!$B:$B, "<=" & $B$1 ), IF(_xlpm.result = 0, "", _xlpm.result) ) | O30: =_xlfn.LET( _xlpm.result, COUNTIFS( 'Deviation RC Data'!$O:$O, $A30, 'Deviation RC Data'!AC:AC, "x", 'Deviation RC Data'!$B:$B, ">=" & EDATE($B$1, -12), 'Deviation RC Data'!$B:$B, "<=" & $B$1 ), IF(_xlpm.result = 0, "", _xlpm.result) ) | P30: =_xlfn.LET( _xlpm.result, COUNTIFS( 'Deviation RC Data'!$O:$O, $A30, 'Deviation RC Data'!AD:AD, "x", 'Deviation RC Data'!$B:$B, ">=" & EDATE($B$1, -12), 'Deviation RC Data'!$B:$B, "<=" & $B$1 ), IF(_xlpm.result = 0, "", _xlpm.result) ) | Q30: =_xlfn.LET( _xlpm.result, COUNTIFS( 'Deviation RC Data'!$O:$O, $A30, 'Deviation RC Data'!AE:AE, "x", 'Deviation RC Data'!$B:$B, ">=" & EDATE($B$1, -12), 'Deviation RC Data'!$B:$B, "<=" & $B$1 ), IF(_xlpm.result = 0, "", _xlpm.result) ) | R30: =_xlfn.LET( _xlpm.result, COUNTIFS( 'Deviation RC Data'!$O:$O, $A30, 'Deviation RC Data'!AF:AF, "x", 'Deviation RC Data'!$B:$B, ">=" & EDATE($B$1, -12), 'Deviation RC Data'!$B:$B, "<=" & $B$1 ), IF(_xlpm.result = 0, "", _xlpm.result) ) | S30: =_xlfn.LET( _xlpm.result, COUNTIFS( 'Deviation RC Data'!$O:$O, $A30, 'Deviation RC Data'!AG:AG, "x", 'Deviation RC Data'!$B:$B, ">=" & EDATE($B$1, -12), 'Deviation RC Data'!$B:$B, "<=" & $B$1 ), IF(_xlpm.result = 0, "", _xlpm.result) ) | T30: =_xlfn.LET( _xlpm.result, COUNTIFS( 'Deviation RC Data'!$O:$O, $A30, 'Deviation RC Data'!AH:AH, "x", 'Deviation RC Data'!$B:$B, ">=" & EDATE($B$1, -12), 'Deviation RC Data'!$B:$B, "<=" & $B$1 ), IF(_xlpm.result = 0, "", _xlpm.result) )

Sheet Complaint RC Data
D1: ROOT CAUSES IDENTIFIED | T1: Who is responsible for root cause
A2: Document reference | B2: Date Raised | C2: Type of GMP Complaint | D2: Equipment Fault | E2: No procedure in place | F2: Procedure is defficient | G2: Training / skills / knowledge issue | H2: Human error | I2: End user error | J2: Manufacturers processes are deficient | K2: Inadequate segregation of products | L2: Formulation Issue | M2: Root cause inconclusive | N2: Damage during transportation/mishandled by courier | O2: Equipment availability | P2: IT/System issues | Q2: Inadequate segregation of raw materials | R2: OTHER | S2: If OTHER state brief summary | T2: BMR Generation | U2: Customer Service | V2: QC | W2: Production | X2: Customer mistake | Y2: Dispatch | Z2: Final release | AA2: Finance | AB2: R&D | AC2: QA | AD2: Cant be established | AE2: External
A3: GMP.CPL.2023.001 | B3: 44953 | C3: Strength | F3: x | G3: x | T3: x
A4: GMP.CPL.2023.002 | B4: 44953 | C4: Product Mixup | S4: Product codes are very similar and indistinguishable. require more segregation | T4: x
A5: GMP.CPL.2023.003 | B5: 44993 | C5: Product Appearance | M5: x | U5: x
A6: GMP.CPL.2023.004 | B6: 45019 | C6: Pharmacovigilance | S6: Lack of response from customer | U6: x
A7: GMP.CPL.2023.005 | B7: 45020 | C7: AE / ADRs | G7: x | AD7: x
A8: GMP.CPL.2023.006 | B8: 45036 | C8: Product Packaging | F8: x | AD8: x
A9: GMP.CPL.2023.007 | B9: 45056 | C9: Product Appearance | F9: x | W9: x
A10: GMP.CPL.2023.008 | B10: 45056 | C10: Product Formulation | S10: Poor segregation and identification of Medisource BMRs | AD10: x
A11: GMP.CPL.2023.009 | B11: 45079 | C11: Product Appearance | F11: x | H11: x | W11: x
A12: GMP.CPL.2023.010 | B12: 45093 | C12: Delivery | F12: x | T12: x
A13: GMP.CPL.2023.011 | B13: 45111 | C13: Delivery | F13: x | X13: x
A14: GMP.CPL.2023.012 | B14: 45113 | C14: Strength | K14: x | Y14: x
A15: GMP.CPL.2023.013 | B15: 45181 | C15: Product scent | F15: x | T15: x
A16: GMP.CPL.2023.014 | B16: 45182 | C16: Labelling / PIL | P16: x | T16: x
A17: GMP.CPL.2023.015 | B17: 45188 | C17: Strength | F17: x | T17: x
A18: GMP.CPL.2023.016 | B18: 45236 | C18: Labelling / PIL | D18: x | U18: x
A19: GMP.CPL.2023.017 | B19: 45236 | C19: Documentation | H19: x | Y19: x
A20: GMP.CPL.2023.018 | B20: 45238 | C20: Faulty product | I20: x | AE20: x
A21: GMP.CPL.2023.019 | B21: 45253 | C21: Product Appearance | J21: x | AE21: x
A22: GMP.CPL.2023.020 | B22: 45259 | C22: Strength | D22: x | Y22: x
A23: GMP.CPL.2023.021 | B23: 45265 | C23: Product quantity | I23: x | AE23: x
A24: GMP.CPL.2023.022 | B24: 45279 | C24: Product Appearance | I24: x | AE24: x
A26: GMP.CPL.2024.001 | B26: 45299 | C26: Faulty product | I26: x | AE26: x
A27: GMP.CPL.2024.002 | B27: 45322 | C27: Product Appearance | J27: x | AE27: x
A28: GMP.CPL.2024.003 | B28: 45334 | C28: Product expiry | F28: x | T28: x
A29: GMP.CPL.2024.004 | B29: 45337 | C29: Product appearance | I29: x | X29: x
A30: GMP.CPL.2024.005 | B30: 45341 | C30: Product Appearance | F30: x | H30: x | W30: x
A31: GMP.CPL.2024.006 | B31: 45355 | C31: Faulty product | I31: x | X31: x
A32: GMP.CPL.2024.007 | B32: 45384 | C32: Product Appearance | I32: x | AE32: x
A33: GMP.CPL.2024.008 | B33: 45384 | C33: Product Appearance | N33: x | AE33: x
A34: GMP.CPL.2024.009 | B34: 45453 | C34: Product Appearance | I34: x | AE34: x
A35: GMP.CPL.2024.010 | B35: 45464 | C35: Product Packaging | M35: x | AE35: x
A36: GMP.CPL.2024.011 | B36: 45477 | C36: Product Appearance | J36: x | AE36: x
A37: GMP.CPL.2024.012 | B37: 45519 | C37: Product Efficacy | S37: product unsuitable for patient | AD37: x
A38: GMP.CPL.2024.013 | B38: 45558 | C38: Delivery | F38: x
A39: GMP.CPL.2024.014 | B39: 45561 | C39: Product Appearance | M39: x | AD39: x
A40: GMP.CPL.2024.015 | B40: 45575 | C40: Delivery | N40: x | AE40: x
A41: GMP.CPL.2024.016 | B41: 45628 | C41: Product Appearance | M41: x
A43: GMP.CPL.2025.001 | B43: 45671 | C43: Product Appearance | I43: x
A44: GMP.CPL.2025.002 | B44: 45694 | C44: Product Appearance | I44: x
A45: GMP.CPL.2025.003 | B45: 45720 | C45: Labelling / PIL | F45: x | P45: x | Y45: x
A46: GMP.CPL.2025.004 | B46: 45754 | C46: Product Contamination | I46: x | X46: x
A47: GMP.CPL.2025.005 | B47: 45763 | C47: Product Appearance | F47: x | X47: x
A48: GMP.CPL.2025.006 | B48: 45776 | C48: Product Efficacy | Q48: x
A49: GMP.CPL.2025.007 | B49: 45841 | C49: Product Appearance | I49: x | X49: x
A50: GMP.CPL.2025.008 | B50: 45974 | C50: Product Efficacy | R50: x | S50: Complaint not confirmed | AE50: x
A51: GMP.CPL.2025.009 | B51: 45982 | C51: Product Appearance | R51: x | S51: Complaint not confirmed | AE51: x
A53: GMP.CPL.2026.001 | B53: 46038 | C53: Product Contamination | S53: Complaint not confirmed
A54: GMP.CPL.2026.002 | B54: 46044 | C54: Product Packaging | R54: x | S54: Faulty packaging components
A55: GMP.CPL.2026.003 | B55: 46069 | C55: Product Appearance | R55: x | S55: Different to what the patient has previously received from alternative supplier
A56: GMP.CPL.2026.004 | B56: 46070 | C56: Labelling / PIL | H56: x | P56: x
A57: GMP.CPL.2026.005 | B57: 46078 | C57: Product Efficacy | R57: x | S57: Complaint invalid
A58: GMP.CPL.2026.006 | B58: 46177 | C58: Labelling / PIL | F58: x | AC58: x

Sheet Complaint Root Cause Trending
A1: Date Today: | B1: =TODAY() -> 46269
A2: Complaint Area | B2: Equipment Fault | C2: No Procedure In Place | D2: Procedure Is Defficient | E2: Training / Skills / Knowledge Issue | F2: Human Error | G2: End User Error | H2: Manufacturers Processes Are Deficient | I2: Inadequate Segregation Of Products | J2: Formulation Issue | K2: Root Cause Inconclusive | L2: Damage During Transportation/Mishandled By Courier | M2: Equipment Availability | N2: It/System Issues | O2: Inadequate Segregation Of Raw Materials | P2: Other
A3: Strength | B3: =_xlfn.LET( _xlpm.result, COUNTIFS( 'Complaint RC Data'!$C:$C, $A3, 'Complaint RC Data'!D:D, "x", 'Complaint RC Data'!$B:$B, ">=" & EDATE($B$1, -12), 'Complaint RC Data'!$B:$B, "<=" & $B$1 ), IF(_xlpm.result = 0, "", _xlpm.result) ) | C3: =_xlfn.LET( _xlpm.result, COUNTIFS( 'Complaint RC Data'!$C:$C, $A3, 'Complaint RC Data'!E:E, "x", 'Complaint RC Data'!$B:$B, ">=" & EDATE($B$1, -12), 'Complaint RC Data'!$B:$B, "<=" & $B$1 ), IF(_xlpm.result = 0, "", _xlpm.result) ) | D3: =_xlfn.LET( _xlpm.result, COUNTIFS( 'Complaint RC Data'!$C:$C, $A3, 'Complaint RC Data'!F:F, "x", 'Complaint RC Data'!$B:$B, ">=" & EDATE($B$1, -12), 'Complaint RC Data'!$B:$B, "<=" & $B$1 ), IF(_xlpm.result = 0, "", _xlpm.result) ) | E3: =_xlfn.LET( _xlpm.result, COUNTIFS( 'Complaint RC Data'!$C:$C, $A3, 'Complaint RC Data'!G:G, "x", 'Complaint RC Data'!$B:$B, ">=" & EDATE($B$1, -12), 'Complaint RC Data'!$B:$B, "<=" & $B$1 ), IF(_xlpm.result = 0, "", _xlpm.result) ) | F3: =_xlfn.LET( _xlpm.result, COUNTIFS( 'Complaint RC Data'!$C:$C, $A3, 'Complaint RC Data'!H:H, "x", 'Complaint RC Data'!$B:$B, ">=" & EDATE($B$1, -12), 'Complaint RC Data'!$B:$B, "<=" & $B$1 ), IF(_xlpm.result = 0, "", _xlpm.result) ) | G3: =_xlfn.LET( _xlpm.result, COUNTIFS( 'Complaint RC Data'!$C:$C, $A3, 'Complaint RC Data'!I:I, "x", 'Complaint RC Data'!$B:$B, ">=" & EDATE($B$1, -12), 'Complaint RC Data'!$B:$B, "<=" & $B$1 ), IF(_xlpm.result = 0, "", _xlpm.result) ) | H3: =_xlfn.LET( _xlpm.result, COUNTIFS( 'Complaint RC Data'!$C:$C, $A3, 'Complaint RC Data'!J:J, "x", 'Complaint RC Data'!$B:$B, ">=" & EDATE($B$1, -12), 'Complaint RC Data'!$B:$B, "<=" & $B$1 ), IF(_xlpm.result = 0, "", _xlpm.result) ) | I3: =_xlfn.LET( _xlpm.result, COUNTIFS( 'Complaint RC Data'!$C:$C, $A3, 'Complaint RC Data'!K:K, "x", 'Complaint RC Data'!$B:$B, ">=" & EDATE($B$1, -12), 'Complaint RC Data'!$B:$B, "<=" & $B$1 ), IF(_xlpm.result = 0, "", _xlpm.result) ) | J3: =_xlfn.LET( _xlpm.result, COUNTIFS( 'Complaint RC Data'!$C:$C, $A3, 'Complaint RC Data'!L:L, "x", 'Complaint RC Data'!$B:$B, ">=" & EDATE($B$1, -12), 'Complaint RC Data'!$B:$B, "<=" & $B$1 ), IF(_xlpm.result = 0, "", _xlpm.result) ) | K3: =_xlfn.LET( _xlpm.result, COUNTIFS( 'Complaint RC Data'!$C:$C, $A3, 'Complaint RC Data'!M:M, "x", 'Complaint RC Data'!$B:$B, ">=" & EDATE($B$1, -12), 'Complaint RC Data'!$B:$B, "<=" & $B$1 ), IF(_xlpm.result = 0, "", _xlpm.result) ) | L3: =_xlfn.LET( _xlpm.result, COUNTIFS( 'Complaint RC Data'!$C:$C, $A3, 'Complaint RC Data'!N:N, "x", 'Complaint RC Data'!$B:$B, ">=" & EDATE($B$1, -12), 'Complaint RC Data'!$B:$B, "<=" & $B$1 ), IF(_xlpm.result = 0, "", _xlpm.result) ) | M3: =_xlfn.LET( _xlpm.result, COUNTIFS( 'Complaint RC Data'!$C:$C, $A3, 'Complaint RC Data'!O:O, "x", 'Complaint RC Data'!$B:$B, ">=" & EDATE($B$1, -12), 'Complaint RC Data'!$B:$B, "<=" & $B$1 ), IF(_xlpm.result = 0, "", _xlpm.result) ) | N3: =_xlfn.LET( _xlpm.result, COUNTIFS( 'Complaint RC Data'!$C:$C, $A3, 'Complaint RC Data'!P:P, "x", 'Complaint RC Data'!$B:$B, ">=" & EDATE($B$1, -12), 'Complaint RC Data'!$B:$B, "<=" & $B$1 ), IF(_xlpm.result = 0, "", _xlpm.result) ) | O3: =_xlfn.LET( _xlpm.result, COUNTIFS( 'Complaint RC Data'!$C:$C, $A3, 'Complaint RC Data'!Q:Q, "x", 'Complaint RC Data'!$B:$B, ">=" & EDATE($B$1, -12), 'Complaint RC Data'!$B:$B, "<=" & $B$1 ), IF(_xlpm.result = 0, "", _xlpm.result) ) | P3: =_xlfn.LET( _xlpm.result, COUNTIFS( 'Complaint RC Data'!$C:$C, $A3, 'Complaint RC Data'!R:R, "x", 'Complaint RC Data'!$B:$B, ">=" & EDATE($B$1, -12), 'Complaint RC Data'!$B:$B, "<=" & $B$1 ), IF(_xlpm.result = 0, "", _xlpm.result) )
A4: Product Mixup | B4: =_xlfn.LET( _xlpm.result, COUNTIFS( 'Complaint RC Data'!$C:$C, $A4, 'Complaint RC Data'!D:D, "x", 'Complaint RC Data'!$B:$B, ">=" & EDATE($B$1, -12), 'Complaint RC Data'!$B:$B, "<=" & $B$1 ), IF(_xlpm.result = 0, "", _xlpm.result) ) | C4: =_xlfn.LET( _xlpm.result, COUNTIFS( 'Complaint RC Data'!$C:$C, $A4, 'Complaint RC Data'!E:E, "x", 'Complaint RC Data'!$B:$B, ">=" & EDATE($B$1, -12), 'Complaint RC Data'!$B:$B, "<=" & $B$1 ), IF(_xlpm.result = 0, "", _xlpm.result) ) | D4: =_xlfn.LET( _xlpm.result, COUNTIFS( 'Complaint RC Data'!$C:$C, $A4, 'Complaint RC Data'!F:F, "x", 'Complaint RC Data'!$B:$B, ">=" & EDATE($B$1, -12), 'Complaint RC Data'!$B:$B, "<=" & $B$1 ), IF(_xlpm.result = 0, "", _xlpm.result) ) | E4: =_xlfn.LET( _xlpm.result, COUNTIFS( 'Complaint RC Data'!$C:$C, $A4, 'Complaint RC Data'!G:G, "x", 'Complaint RC Data'!$B:$B, ">=" & EDATE($B$1, -12), 'Complaint RC Data'!$B:$B, "<=" & $B$1 ), IF(_xlpm.result = 0, "", _xlpm.result) ) | F4: =_xlfn.LET( _xlpm.result, COUNTIFS( 'Complaint RC Data'!$C:$C, $A4, 'Complaint RC Data'!H:H, "x", 'Complaint RC Data'!$B:$B, ">=" & EDATE($B$1, -12), 'Complaint RC Data'!$B:$B, "<=" & $B$1 ), IF(_xlpm.result = 0, "", _xlpm.result) ) | G4: =_xlfn.LET( _xlpm.result, COUNTIFS( 'Complaint RC Data'!$C:$C, $A4, 'Complaint RC Data'!I:I, "x", 'Complaint RC Data'!$B:$B, ">=" & EDATE($B$1, -12), 'Complaint RC Data'!$B:$B, "<=" & $B$1 ), IF(_xlpm.result = 0, "", _xlpm.result) ) | H4: =_xlfn.LET( _xlpm.result, COUNTIFS( 'Complaint RC Data'!$C:$C, $A4, 'Complaint RC Data'!J:J, "x", 'Complaint RC Data'!$B:$B, ">=" & EDATE($B$1, -12), 'Complaint RC Data'!$B:$B, "<=" & $B$1 ), IF(_xlpm.result = 0, "", _xlpm.result) ) | I4: =_xlfn.LET( _xlpm.result, COUNTIFS( 'Complaint RC Data'!$C:$C, $A4, 'Complaint RC Data'!K:K, "x", 'Complaint RC Data'!$B:$B, ">=" & EDATE($B$1, -12), 'Complaint RC Data'!$B:$B, "<=" & $B$1 ), IF(_xlpm.result = 0, "", _xlpm.result) ) | J4: =_xlfn.LET( _xlpm.result, COUNTIFS( 'Complaint RC Data'!$C:$C, $A4, 'Complaint RC Data'!L:L, "x", 'Complaint RC Data'!$B:$B, ">=" & EDATE($B$1, -12), 'Complaint RC Data'!$B:$B, "<=" & $B$1 ), IF(_xlpm.result = 0, "", _xlpm.result) ) | K4: =_xlfn.LET( _xlpm.result, COUNTIFS( 'Complaint RC Data'!$C:$C, $A4, 'Complaint RC Data'!M:M, "x", 'Complaint RC Data'!$B:$B, ">=" & EDATE($B$1, -12), 'Complaint RC Data'!$B:$B, "<=" & $B$1 ), IF(_xlpm.result = 0, "", _xlpm.result) ) | L4: =_xlfn.LET( _xlpm.result, COUNTIFS( 'Complaint RC Data'!$C:$C, $A4, 'Complaint RC Data'!N:N, "x", 'Complaint RC Data'!$B:$B, ">=" & EDATE($B$1, -12), 'Complaint RC Data'!$B:$B, "<=" & $B$1 ), IF(_xlpm.result = 0, "", _xlpm.result) ) | M4: =_xlfn.LET( _xlpm.result, COUNTIFS( 'Complaint RC Data'!$C:$C, $A4, 'Complaint RC Data'!O:O, "x", 'Complaint RC Data'!$B:$B, ">=" & EDATE($B$1, -12), 'Complaint RC Data'!$B:$B, "<=" & $B$1 ), IF(_xlpm.result = 0, "", _xlpm.result) ) | N4: =_xlfn.LET( _xlpm.result, COUNTIFS( 'Complaint RC Data'!$C:$C, $A4, 'Complaint RC Data'!P:P, "x", 'Complaint RC Data'!$B:$B, ">=" & EDATE($B$1, -12), 'Complaint RC Data'!$B:$B, "<=" & $B$1 ), IF(_xlpm.result = 0, "", _xlpm.result) ) | O4: =_xlfn.LET( _xlpm.result, COUNTIFS( 'Complaint RC Data'!$C:$C, $A4, 'Complaint RC Data'!Q:Q, "x", 'Complaint RC Data'!$B:$B, ">=" & EDATE($B$1, -12), 'Complaint RC Data'!$B:$B, "<=" & $B$1 ), IF(_xlpm.result = 0, "", _xlpm.result) ) | P4: =_xlfn.LET( _xlpm.result, COUNTIFS( 'Complaint RC Data'!$C:$C, $A4, 'Complaint RC Data'!R:R, "x", 'Complaint RC Data'!$B:$B, ">=" & EDATE($B$1, -12), 'Complaint RC Data'!$B:$B, "<=" & $B$1 ), IF(_xlpm.result = 0, "", _xlpm.result) )
A5: Product Appearance | B5: =_xlfn.LET( _xlpm.result, COUNTIFS( 'Complaint RC Data'!$C:$C, $A5, 'Complaint RC Data'!D:D, "x", 'Complaint RC Data'!$B:$B, ">=" & EDATE($B$1, -12), 'Complaint RC Data'!$B:$B, "<=" & $B$1 ), IF(_xlpm.result = 0, "", _xlpm.result) ) | C5: =_xlfn.LET( _xlpm.result, COUNTIFS( 'Complaint RC Data'!$C:$C, $A5, 'Complaint RC Data'!E:E, "x", 'Complaint RC Data'!$B:$B, ">=" & EDATE($B$1, -12), 'Complaint RC Data'!$B:$B, "<=" & $B$1 ), IF(_xlpm.result = 0, "", _xlpm.result) ) | D5: =_xlfn.LET( _xlpm.result, COUNTIFS( 'Complaint RC Data'!$C:$C, $A5, 'Complaint RC Data'!F:F, "x", 'Complaint RC Data'!$B:$B, ">=" & EDATE($B$1, -12), 'Complaint RC Data'!$B:$B, "<=" & $B$1 ), IF(_xlpm.result = 0, "", _xlpm.result) ) | E5: =_xlfn.LET( _xlpm.result, COUNTIFS( 'Complaint RC Data'!$C:$C, $A5, 'Complaint RC Data'!G:G, "x", 'Complaint RC Data'!$B:$B, ">=" & EDATE($B$1, -12), 'Complaint RC Data'!$B:$B, "<=" & $B$1 ), IF(_xlpm.result = 0, "", _xlpm.result) ) | F5: =_xlfn.LET( _xlpm.result, COUNTIFS( 'Complaint RC Data'!$C:$C, $A5, 'Complaint RC Data'!H:H, "x", 'Complaint RC Data'!$B:$B, ">=" & EDATE($B$1, -12), 'Complaint RC Data'!$B:$B, "<=" & $B$1 ), IF(_xlpm.result = 0, "", _xlpm.result) ) | G5: =_xlfn.LET( _xlpm.result, COUNTIFS( 'Complaint RC Data'!$C:$C, $A5, 'Complaint RC Data'!I:I, "x", 'Complaint RC Data'!$B:$B, ">=" & EDATE($B$1, -12), 'Complaint RC Data'!$B:$B, "<=" & $B$1 ), IF(_xlpm.result = 0, "", _xlpm.result) ) | H5: =_xlfn.LET( _xlpm.result, COUNTIFS( 'Complaint RC Data'!$C:$C, $A5, 'Complaint RC Data'!J:J, "x", 'Complaint RC Data'!$B:$B, ">=" & EDATE($B$1, -12), 'Complaint RC Data'!$B:$B, "<=" & $B$1 ), IF(_xlpm.result = 0, "", _xlpm.result) ) | I5: =_xlfn.LET( _xlpm.result, COUNTIFS( 'Complaint RC Data'!$C:$C, $A5, 'Complaint RC Data'!K:K, "x", 'Complaint RC Data'!$B:$B, ">=" & EDATE($B$1, -12), 'Complaint RC Data'!$B:$B, "<=" & $B$1 ), IF(_xlpm.result = 0, "", _xlpm.result) ) | J5: =_xlfn.LET( _xlpm.result, COUNTIFS( 'Complaint RC Data'!$C:$C, $A5, 'Complaint RC Data'!L:L, "x", 'Complaint RC Data'!$B:$B, ">=" & EDATE($B$1, -12), 'Complaint RC Data'!$B:$B, "<=" & $B$1 ), IF(_xlpm.result = 0, "", _xlpm.result) ) | K5: =_xlfn.LET( _xlpm.result, COUNTIFS( 'Complaint RC Data'!$C:$C, $A5, 'Complaint RC Data'!M:M, "x", 'Complaint RC Data'!$B:$B, ">=" & EDATE($B$1, -12), 'Complaint RC Data'!$B:$B, "<=" & $B$1 ), IF(_xlpm.result = 0, "", _xlpm.result) ) | L5: =_xlfn.LET( _xlpm.result, COUNTIFS( 'Complaint RC Data'!$C:$C, $A5, 'Complaint RC Data'!N:N, "x", 'Complaint RC Data'!$B:$B, ">=" & EDATE($B$1, -12), 'Complaint RC Data'!$B:$B, "<=" & $B$1 ), IF(_xlpm.result = 0, "", _xlpm.result) ) | M5: =_xlfn.LET( _xlpm.result, COUNTIFS( 'Complaint RC Data'!$C:$C, $A5, 'Complaint RC Data'!O:O, "x", 'Complaint RC Data'!$B:$B, ">=" & EDATE($B$1, -12), 'Complaint RC Data'!$B:$B, "<=" & $B$1 ), IF(_xlpm.result = 0, "", _xlpm.result) ) | N5: =_xlfn.LET( _xlpm.result, COUNTIFS( 'Complaint RC Data'!$C:$C, $A5, 'Complaint RC Data'!P:P, "x", 'Complaint RC Data'!$B:$B, ">=" & EDATE($B$1, -12), 'Complaint RC Data'!$B:$B, "<=" & $B$1 ), IF(_xlpm.result = 0, "", _xlpm.result) ) | O5: =_xlfn.LET( _xlpm.result, COUNTIFS( 'Complaint RC Data'!$C:$C, $A5, 'Complaint RC Data'!Q:Q, "x", 'Complaint RC Data'!$B:$B, ">=" & EDATE($B$1, -12), 'Complaint RC Data'!$B:$B, "<=" & $B$1 ), IF(_xlpm.result = 0, "", _xlpm.result) ) | P5: =_xlfn.LET( _xlpm.result, COUNTIFS( 'Complaint RC Data'!$C:$C, $A5, 'Complaint RC Data'!R:R, "x", 'Complaint RC Data'!$B:$B, ">=" & EDATE($B$1, -12), 'Complaint RC Data'!$B:$B, "<=" & $B$1 ), IF(_xlpm.result = 0, "", _xlpm.result) ) -> 2
A6: Pharmacovigilance | B6: =_xlfn.LET( _xlpm.result, COUNTIFS( 'Complaint RC Data'!$C:$C, $A6, 'Complaint RC Data'!D:D, "x", 'Complaint RC Data'!$B:$B, ">=" & EDATE($B$1, -12), 'Complaint RC Data'!$B:$B, "<=" & $B$1 ), IF(_xlpm.result = 0, "", _xlpm.result) ) | C6: =_xlfn.LET( _xlpm.result, COUNTIFS( 'Complaint RC Data'!$C:$C, $A6, 'Complaint RC Data'!E:E, "x", 'Complaint RC Data'!$B:$B, ">=" & EDATE($B$1, -12), 'Complaint RC Data'!$B:$B, "<=" & $B$1 ), IF(_xlpm.result = 0, "", _xlpm.result) ) | D6: =_xlfn.LET( _xlpm.result, COUNTIFS( 'Complaint RC Data'!$C:$C, $A6, 'Complaint RC Data'!F:F, "x", 'Complaint RC Data'!$B:$B, ">=" & EDATE($B$1, -12), 'Complaint RC Data'!$B:$B, "<=" & $B$1 ), IF(_xlpm.result = 0, "", _xlpm.result) ) | E6: =_xlfn.LET( _xlpm.result, COUNTIFS( 'Complaint RC Data'!$C:$C, $A6, 'Complaint RC Data'!G:G, "x", 'Complaint RC Data'!$B:$B, ">=" & EDATE($B$1, -12), 'Complaint RC Data'!$B:$B, "<=" & $B$1 ), IF(_xlpm.result = 0, "", _xlpm.result) ) | F6: =_xlfn.LET( _xlpm.result, COUNTIFS( 'Complaint RC Data'!$C:$C, $A6, 'Complaint RC Data'!H:H, "x", 'Complaint RC Data'!$B:$B, ">=" & EDATE($B$1, -12), 'Complaint RC Data'!$B:$B, "<=" & $B$1 ), IF(_xlpm.result = 0, "", _xlpm.result) ) | G6: =_xlfn.LET( _xlpm.result, COUNTIFS( 'Complaint RC Data'!$C:$C, $A6, 'Complaint RC Data'!I:I, "x", 'Complaint RC Data'!$B:$B, ">=" & EDATE($B$1, -12), 'Complaint RC Data'!$B:$B, "<=" & $B$1 ), IF(_xlpm.result = 0, "", _xlpm.result) ) | H6: =_xlfn.LET( _xlpm.result, COUNTIFS( 'Complaint RC Data'!$C:$C, $A6, 'Complaint RC Data'!J:J, "x", 'Complaint RC Data'!$B:$B, ">=" & EDATE($B$1, -12), 'Complaint RC Data'!$B:$B, "<=" & $B$1 ), IF(_xlpm.result = 0, "", _xlpm.result) ) | I6: =_xlfn.LET( _xlpm.result, COUNTIFS( 'Complaint RC Data'!$C:$C, $A6, 'Complaint RC Data'!K:K, "x", 'Complaint RC Data'!$B:$B, ">=" & EDATE($B$1, -12), 'Complaint RC Data'!$B:$B, "<=" & $B$1 ), IF(_xlpm.result = 0, "", _xlpm.result) ) | J6: =_xlfn.LET( _xlpm.result, COUNTIFS( 'Complaint RC Data'!$C:$C, $A6, 'Complaint RC Data'!L:L, "x", 'Complaint RC Data'!$B:$B, ">=" & EDATE($B$1, -12), 'Complaint RC Data'!$B:$B, "<=" & $B$1 ), IF(_xlpm.result = 0, "", _xlpm.result) ) | K6: =_xlfn.LET( _xlpm.result, COUNTIFS( 'Complaint RC Data'!$C:$C, $A6, 'Complaint RC Data'!M:M, "x", 'Complaint RC Data'!$B:$B, ">=" & EDATE($B$1, -12), 'Complaint RC Data'!$B:$B, "<=" & $B$1 ), IF(_xlpm.result = 0, "", _xlpm.result) ) | L6: =_xlfn.LET( _xlpm.result, COUNTIFS( 'Complaint RC Data'!$C:$C, $A6, 'Complaint RC Data'!N:N, "x", 'Complaint RC Data'!$B:$B, ">=" & EDATE($B$1, -12), 'Complaint RC Data'!$B:$B, "<=" & $B$1 ), IF(_xlpm.result = 0, "", _xlpm.result) ) | M6: =_xlfn.LET( _xlpm.result, COUNTIFS( 'Complaint RC Data'!$C:$C, $A6, 'Complaint RC Data'!O:O, "x", 'Complaint RC Data'!$B:$B, ">=" & EDATE($B$1, -12), 'Complaint RC Data'!$B:$B, "<=" & $B$1 ), IF(_xlpm.result = 0, "", _xlpm.result) ) | N6: =_xlfn.LET( _xlpm.result, COUNTIFS( 'Complaint RC Data'!$C:$C, $A6, 'Complaint RC Data'!P:P, "x", 'Complaint RC Data'!$B:$B, ">=" & EDATE($B$1, -12), 'Complaint RC Data'!$B:$B, "<=" & $B$1 ), IF(_xlpm.result = 0, "", _xlpm.result) ) | O6: =_xlfn.LET( _xlpm.result, COUNTIFS( 'Complaint RC Data'!$C:$C, $A6, 'Complaint RC Data'!Q:Q, "x", 'Complaint RC Data'!$B:$B, ">=" & EDATE($B$1, -12), 'Complaint RC Data'!$B:$B, "<=" & $B$1 ), IF(_xlpm.result = 0, "", _xlpm.result) ) | P6: =_xlfn.LET( _xlpm.result, COUNTIFS( 'Complaint RC Data'!$C:$C, $A6, 'Complaint RC Data'!R:R, "x", 'Complaint RC Data'!$B:$B, ">=" & EDATE($B$1, -12), 'Complaint RC Data'!$B:$B, "<=" & $B$1 ), IF(_xlpm.result = 0, "", _xlpm.result) )
A7: AE / ADRs | B7: =_xlfn.LET( _xlpm.result, COUNTIFS( 'Complaint RC Data'!$C:$C, $A7, 'Complaint RC Data'!D:D, "x", 'Complaint RC Data'!$B:$B, ">=" & EDATE($B$1, -12), 'Complaint RC Data'!$B:$B, "<=" & $B$1 ), IF(_xlpm.result = 0, "", _xlpm.result) ) | C7: =_xlfn.LET( _xlpm.result, COUNTIFS( 'Complaint RC Data'!$C:$C, $A7, 'Complaint RC Data'!E:E, "x", 'Complaint RC Data'!$B:$B, ">=" & EDATE($B$1, -12), 'Complaint RC Data'!$B:$B, "<=" & $B$1 ), IF(_xlpm.result = 0, "", _xlpm.result) ) | D7: =_xlfn.LET( _xlpm.result, COUNTIFS( 'Complaint RC Data'!$C:$C, $A7, 'Complaint RC Data'!F:F, "x", 'Complaint RC Data'!$B:$B, ">=" & EDATE($B$1, -12), 'Complaint RC Data'!$B:$B, "<=" & $B$1 ), IF(_xlpm.result = 0, "", _xlpm.result) ) | E7: =_xlfn.LET( _xlpm.result, COUNTIFS( 'Complaint RC Data'!$C:$C, $A7, 'Complaint RC Data'!G:G, "x", 'Complaint RC Data'!$B:$B, ">=" & EDATE($B$1, -12), 'Complaint RC Data'!$B:$B, "<=" & $B$1 ), IF(_xlpm.result = 0, "", _xlpm.result) ) | F7: =_xlfn.LET( _xlpm.result, COUNTIFS( 'Complaint RC Data'!$C:$C, $A7, 'Complaint RC Data'!H:H, "x", 'Complaint RC Data'!$B:$B, ">=" & EDATE($B$1, -12), 'Complaint RC Data'!$B:$B, "<=" & $B$1 ), IF(_xlpm.result = 0, "", _xlpm.result) ) | G7: =_xlfn.LET( _xlpm.result, COUNTIFS( 'Complaint RC Data'!$C:$C, $A7, 'Complaint RC Data'!I:I, "x", 'Complaint RC Data'!$B:$B, ">=" & EDATE($B$1, -12), 'Complaint RC Data'!$B:$B, "<=" & $B$1 ), IF(_xlpm.result = 0, "", _xlpm.result) ) | H7: =_xlfn.LET( _xlpm.result, COUNTIFS( 'Complaint RC Data'!$C:$C, $A7, 'Complaint RC Data'!J:J, "x", 'Complaint RC Data'!$B:$B, ">=" & EDATE($B$1, -12), 'Complaint RC Data'!$B:$B, "<=" & $B$1 ), IF(_xlpm.result = 0, "", _xlpm.result) ) | I7: =_xlfn.LET( _xlpm.result, COUNTIFS( 'Complaint RC Data'!$C:$C, $A7, 'Complaint RC Data'!K:K, "x", 'Complaint RC Data'!$B:$B, ">=" & EDATE($B$1, -12), 'Complaint RC Data'!$B:$B, "<=" & $B$1 ), IF(_xlpm.result = 0, "", _xlpm.result) ) | J7: =_xlfn.LET( _xlpm.result, COUNTIFS( 'Complaint RC Data'!$C:$C, $A7, 'Complaint RC Data'!L:L, "x", 'Complaint RC Data'!$B:$B, ">=" & EDATE($B$1, -12), 'Complaint RC Data'!$B:$B, "<=" & $B$1 ), IF(_xlpm.result = 0, "", _xlpm.result) ) | K7: =_xlfn.LET( _xlpm.result, COUNTIFS( 'Complaint RC Data'!$C:$C, $A7, 'Complaint RC Data'!M:M, "x", 'Complaint RC Data'!$B:$B, ">=" & EDATE($B$1, -12), 'Complaint RC Data'!$B:$B, "<=" & $B$1 ), IF(_xlpm.result = 0, "", _xlpm.result) ) | L7: =_xlfn.LET( _xlpm.result, COUNTIFS( 'Complaint RC Data'!$C:$C, $A7, 'Complaint RC Data'!N:N, "x", 'Complaint RC Data'!$B:$B, ">=" & EDATE($B$1, -12), 'Complaint RC Data'!$B:$B, "<=" & $B$1 ), IF(_xlpm.result = 0, "", _xlpm.result) ) | M7: =_xlfn.LET( _xlpm.result, COUNTIFS( 'Complaint RC Data'!$C:$C, $A7, 'Complaint RC Data'!O:O, "x", 'Complaint RC Data'!$B:$B, ">=" & EDATE($B$1, -12), 'Complaint RC Data'!$B:$B, "<=" & $B$1 ), IF(_xlpm.result = 0, "", _xlpm.result) ) | N7: =_xlfn.LET( _xlpm.result, COUNTIFS( 'Complaint RC Data'!$C:$C, $A7, 'Complaint RC Data'!P:P, "x", 'Complaint RC Data'!$B:$B, ">=" & EDATE($B$1, -12), 'Complaint RC Data'!$B:$B, "<=" & $B$1 ), IF(_xlpm.result = 0, "", _xlpm.result) ) | O7: =_xlfn.LET( _xlpm.result, COUNTIFS( 'Complaint RC Data'!$C:$C, $A7, 'Complaint RC Data'!Q:Q, "x", 'Complaint RC Data'!$B:$B, ">=" & EDATE($B$1, -12), 'Complaint RC Data'!$B:$B, "<=" & $B$1 ), IF(_xlpm.result = 0, "", _xlpm.result) ) | P7: =_xlfn.LET( _xlpm.result, COUNTIFS( 'Complaint RC Data'!$C:$C, $A7, 'Complaint RC Data'!R:R, "x", 'Complaint RC Data'!$B:$B, ">=" & EDATE($B$1, -12), 'Complaint RC Data'!$B:$B, "<=" & $B$1 ), IF(_xlpm.result = 0, "", _xlpm.result) )
A8: Product Packaging | B8: =_xlfn.LET( _xlpm.result, COUNTIFS( 'Complaint RC Data'!$C:$C, $A8, 'Complaint RC Data'!D:D, "x", 'Complaint RC Data'!$B:$B, ">=" & EDATE($B$1, -12), 'Complaint RC Data'!$B:$B, "<=" & $B$1 ), IF(_xlpm.result = 0, "", _xlpm.result) ) | C8: =_xlfn.LET( _xlpm.result, COUNTIFS( 'Complaint RC Data'!$C:$C, $A8, 'Complaint RC Data'!E:E, "x", 'Complaint RC Data'!$B:$B, ">=" & EDATE($B$1, -12), 'Complaint RC Data'!$B:$B, "<=" & $B$1 ), IF(_xlpm.result = 0, "", _xlpm.result) ) | D8: =_xlfn.LET( _xlpm.result, COUNTIFS( 'Complaint RC Data'!$C:$C, $A8, 'Complaint RC Data'!F:F, "x", 'Complaint RC Data'!$B:$B, ">=" & EDATE($B$1, -12), 'Complaint RC Data'!$B:$B, "<=" & $B$1 ), IF(_xlpm.result = 0, "", _xlpm.result) ) | E8: =_xlfn.LET( _xlpm.result, COUNTIFS( 'Complaint RC Data'!$C:$C, $A8, 'Complaint RC Data'!G:G, "x", 'Complaint RC Data'!$B:$B, ">=" & EDATE($B$1, -12), 'Complaint RC Data'!$B:$B, "<=" & $B$1 ), IF(_xlpm.result = 0, "", _xlpm.result) ) | F8: =_xlfn.LET( _xlpm.result, COUNTIFS( 'Complaint RC Data'!$C:$C, $A8, 'Complaint RC Data'!H:H, "x", 'Complaint RC Data'!$B:$B, ">=" & EDATE($B$1, -12), 'Complaint RC Data'!$B:$B, "<=" & $B$1 ), IF(_xlpm.result = 0, "", _xlpm.result) ) | G8: =_xlfn.LET( _xlpm.result, COUNTIFS( 'Complaint RC Data'!$C:$C, $A8, 'Complaint RC Data'!I:I, "x", 'Complaint RC Data'!$B:$B, ">=" & EDATE($B$1, -12), 'Complaint RC Data'!$B:$B, "<=" & $B$1 ), IF(_xlpm.result = 0, "", _xlpm.result) ) | H8: =_xlfn.LET( _xlpm.result, COUNTIFS( 'Complaint RC Data'!$C:$C, $A8, 'Complaint RC Data'!J:J, "x", 'Complaint RC Data'!$B:$B, ">=" & EDATE($B$1, -12), 'Complaint RC Data'!$B:$B, "<=" & $B$1 ), IF(_xlpm.result = 0, "", _xlpm.result) ) | I8: =_xlfn.LET( _xlpm.result, COUNTIFS( 'Complaint RC Data'!$C:$C, $A8, 'Complaint RC Data'!K:K, "x", 'Complaint RC Data'!$B:$B, ">=" & EDATE($B$1, -12), 'Complaint RC Data'!$B:$B, "<=" & $B$1 ), IF(_xlpm.result = 0, "", _xlpm.result) ) | J8: =_xlfn.LET( _xlpm.result, COUNTIFS( 'Complaint RC Data'!$C:$C, $A8, 'Complaint RC Data'!L:L, "x", 'Complaint RC Data'!$B:$B, ">=" & EDATE($B$1, -12), 'Complaint RC Data'!$B:$B, "<=" & $B$1 ), IF(_xlpm.result = 0, "", _xlpm.result) ) | K8: =_xlfn.LET( _xlpm.result, COUNTIFS( 'Complaint RC Data'!$C:$C, $A8, 'Complaint RC Data'!M:M, "x", 'Complaint RC Data'!$B:$B, ">=" & EDATE($B$1, -12), 'Complaint RC Data'!$B:$B, "<=" & $B$1 ), IF(_xlpm.result = 0, "", _xlpm.result) ) | L8: =_xlfn.LET( _xlpm.result, COUNTIFS( 'Complaint RC Data'!$C:$C, $A8, 'Complaint RC Data'!N:N, "x", 'Complaint RC Data'!$B:$B, ">=" & EDATE($B$1, -12), 'Complaint RC Data'!$B:$B, "<=" & $B$1 ), IF(_xlpm.result = 0, "", _xlpm.result) ) | M8: =_xlfn.LET( _xlpm.result, COUNTIFS( 'Complaint RC Data'!$C:$C, $A8, 'Complaint RC Data'!O:O, "x", 'Complaint RC Data'!$B:$B, ">=" & EDATE($B$1, -12), 'Complaint RC Data'!$B:$B, "<=" & $B$1 ), IF(_xlpm.result = 0, "", _xlpm.result) ) | N8: =_xlfn.LET( _xlpm.result, COUNTIFS( 'Complaint RC Data'!$C:$C, $A8, 'Complaint RC Data'!P:P, "x", 'Complaint RC Data'!$B:$B, ">=" & EDATE($B$1, -12), 'Complaint RC Data'!$B:$B, "<=" & $B$1 ), IF(_xlpm.result = 0, "", _xlpm.result) ) | O8: =_xlfn.LET( _xlpm.result, COUNTIFS( 'Complaint RC Data'!$C:$C, $A8, 'Complaint RC Data'!Q:Q, "x", 'Complaint RC Data'!$B:$B, ">=" & EDATE($B$1, -12), 'Complaint RC Data'!$B:$B, "<=" & $B$1 ), IF(_xlpm.result = 0, "", _xlpm.result) ) | P8: =_xlfn.LET( _xlpm.result, COUNTIFS( 'Complaint RC Data'!$C:$C, $A8, 'Complaint RC Data'!R:R, "x", 'Complaint RC Data'!$B:$B, ">=" & EDATE($B$1, -12), 'Complaint RC Data'!$B:$B, "<=" & $B$1 ), IF(_xlpm.result = 0, "", _xlpm.result) ) -> 1
A9: Product Formulation | B9: =_xlfn.LET( _xlpm.result, COUNTIFS( 'Complaint RC Data'!$C:$C, $A9, 'Complaint RC Data'!D:D, "x", 'Complaint RC Data'!$B:$B, ">=" & EDATE($B$1, -12), 'Complaint RC Data'!$B:$B, "<=" & $B$1 ), IF(_xlpm.result = 0, "", _xlpm.result) ) | C9: =_xlfn.LET( _xlpm.result, COUNTIFS( 'Complaint RC Data'!$C:$C, $A9, 'Complaint RC Data'!E:E, "x", 'Complaint RC Data'!$B:$B, ">=" & EDATE($B$1, -12), 'Complaint RC Data'!$B:$B, "<=" & $B$1 ), IF(_xlpm.result = 0, "", _xlpm.result) ) | D9: =_xlfn.LET( _xlpm.result, COUNTIFS( 'Complaint RC Data'!$C:$C, $A9, 'Complaint RC Data'!F:F, "x", 'Complaint RC Data'!$B:$B, ">=" & EDATE($B$1, -12), 'Complaint RC Data'!$B:$B, "<=" & $B$1 ), IF(_xlpm.result = 0, "", _xlpm.result) ) | E9: =_xlfn.LET( _xlpm.result, COUNTIFS( 'Complaint RC Data'!$C:$C, $A9, 'Complaint RC Data'!G:G, "x", 'Complaint RC Data'!$B:$B, ">=" & EDATE($B$1, -12), 'Complaint RC Data'!$B:$B, "<=" & $B$1 ), IF(_xlpm.result = 0, "", _xlpm.result) ) | F9: =_xlfn.LET( _xlpm.result, COUNTIFS( 'Complaint RC Data'!$C:$C, $A9, 'Complaint RC Data'!H:H, "x", 'Complaint RC Data'!$B:$B, ">=" & EDATE($B$1, -12), 'Complaint RC Data'!$B:$B, "<=" & $B$1 ), IF(_xlpm.result = 0, "", _xlpm.result) ) | G9: =_xlfn.LET( _xlpm.result, COUNTIFS( 'Complaint RC Data'!$C:$C, $A9, 'Complaint RC Data'!I:I, "x", 'Complaint RC Data'!$B:$B, ">=" & EDATE($B$1, -12), 'Complaint RC Data'!$B:$B, "<=" & $B$1 ), IF(_xlpm.result = 0, "", _xlpm.result) ) | H9: =_xlfn.LET( _xlpm.result, COUNTIFS( 'Complaint RC Data'!$C:$C, $A9, 'Complaint RC Data'!J:J, "x", 'Complaint RC Data'!$B:$B, ">=" & EDATE($B$1, -12), 'Complaint RC Data'!$B:$B, "<=" & $B$1 ), IF(_xlpm.result = 0, "", _xlpm.result) ) | I9: =_xlfn.LET( _xlpm.result, COUNTIFS( 'Complaint RC Data'!$C:$C, $A9, 'Complaint RC Data'!K:K, "x", 'Complaint RC Data'!$B:$B, ">=" & EDATE($B$1, -12), 'Complaint RC Data'!$B:$B, "<=" & $B$1 ), IF(_xlpm.result = 0, "", _xlpm.result) ) | J9: =_xlfn.LET( _xlpm.result, COUNTIFS( 'Complaint RC Data'!$C:$C, $A9, 'Complaint RC Data'!L:L, "x", 'Complaint RC Data'!$B:$B, ">=" & EDATE($B$1, -12), 'Complaint RC Data'!$B:$B, "<=" & $B$1 ), IF(_xlpm.result = 0, "", _xlpm.result) ) | K9: =_xlfn.LET( _xlpm.result, COUNTIFS( 'Complaint RC Data'!$C:$C, $A9, 'Complaint RC Data'!M:M, "x", 'Complaint RC Data'!$B:$B, ">=" & EDATE($B$1, -12), 'Complaint RC Data'!$B:$B, "<=" & $B$1 ), IF(_xlpm.result = 0, "", _xlpm.result) ) | L9: =_xlfn.LET( _xlpm.result, COUNTIFS( 'Complaint RC Data'!$C:$C, $A9, 'Complaint RC Data'!N:N, "x", 'Complaint RC Data'!$B:$B, ">=" & EDATE($B$1, -12), 'Complaint RC Data'!$B:$B, "<=" & $B$1 ), IF(_xlpm.result = 0, "", _xlpm.result) ) | M9: =_xlfn.LET( _xlpm.result, COUNTIFS( 'Complaint RC Data'!$C:$C, $A9, 'Complaint RC Data'!O:O, "x", 'Complaint RC Data'!$B:$B, ">=" & EDATE($B$1, -12), 'Complaint RC Data'!$B:$B, "<=" & $B$1 ), IF(_xlpm.result = 0, "", _xlpm.result) ) | N9: =_xlfn.LET( _xlpm.result, COUNTIFS( 'Complaint RC Data'!$C:$C, $A9, 'Complaint RC Data'!P:P, "x", 'Complaint RC Data'!$B:$B, ">=" & EDATE($B$1, -12), 'Complaint RC Data'!$B:$B, "<=" & $B$1 ), IF(_xlpm.result = 0, "", _xlpm.result) ) | O9: =_xlfn.LET( _xlpm.result, COUNTIFS( 'Complaint RC Data'!$C:$C, $A9, 'Complaint RC Data'!Q:Q, "x", 'Complaint RC Data'!$B:$B, ">=" & EDATE($B$1, -12), 'Complaint RC Data'!$B:$B, "<=" & $B$1 ), IF(_xlpm.result = 0, "", _xlpm.result) ) | P9: =_xlfn.LET( _xlpm.result, COUNTIFS( 'Complaint RC Data'!$C:$C, $A9, 'Complaint RC Data'!R:R, "x", 'Complaint RC Data'!$B:$B, ">=" & EDATE($B$1, -12), 'Complaint RC Data'!$B:$B, "<=" & $B$1 ), IF(_xlpm.result = 0, "", _xlpm.result) )
A10: Delivery | B10: =_xlfn.LET( _xlpm.result, COUNTIFS( 'Complaint RC Data'!$C:$C, $A10, 'Complaint RC Data'!D:D, "x", 'Complaint RC Data'!$B:$B, ">=" & EDATE($B$1, -12), 'Complaint RC Data'!$B:$B, "<=" & $B$1 ), IF(_xlpm.result = 0, "", _xlpm.result) ) | C10: =_xlfn.LET( _xlpm.result, COUNTIFS( 'Complaint RC Data'!$C:$C, $A10, 'Complaint RC Data'!E:E, "x", 'Complaint RC Data'!$B:$B, ">=" & EDATE($B$1, -12), 'Complaint RC Data'!$B:$B, "<=" & $B$1 ), IF(_xlpm.result = 0, "", _xlpm.result) ) | D10: =_xlfn.LET( _xlpm.result, COUNTIFS( 'Complaint RC Data'!$C:$C, $A10, 'Complaint RC Data'!F:F, "x", 'Complaint RC Data'!$B:$B, ">=" & EDATE($B$1, -12), 'Complaint RC Data'!$B:$B, "<=" & $B$1 ), IF(_xlpm.result = 0, "", _xlpm.result) ) | E10: =_xlfn.LET( _xlpm.result, COUNTIFS( 'Complaint RC Data'!$C:$C, $A10, 'Complaint RC Data'!G:G, "x", 'Complaint RC Data'!$B:$B, ">=" & EDATE($B$1, -12), 'Complaint RC Data'!$B:$B, "<=" & $B$1 ), IF(_xlpm.result = 0, "", _xlpm.result) ) | F10: =_xlfn.LET( _xlpm.result, COUNTIFS( 'Complaint RC Data'!$C:$C, $A10, 'Complaint RC Data'!H:H, "x", 'Complaint RC Data'!$B:$B, ">=" & EDATE($B$1, -12), 'Complaint RC Data'!$B:$B, "<=" & $B$1 ), IF(_xlpm.result = 0, "", _xlpm.result) ) | G10: =_xlfn.LET( _xlpm.result, COUNTIFS( 'Complaint RC Data'!$C:$C, $A10, 'Complaint RC Data'!I:I, "x", 'Complaint RC Data'!$B:$B, ">=" & EDATE($B$1, -12), 'Complaint RC Data'!$B:$B, "<=" & $B$1 ), IF(_xlpm.result = 0, "", _xlpm.result) ) | H10: =_xlfn.LET( _xlpm.result, COUNTIFS( 'Complaint RC Data'!$C:$C, $A10, 'Complaint RC Data'!J:J, "x", 'Complaint RC Data'!$B:$B, ">=" & EDATE($B$1, -12), 'Complaint RC Data'!$B:$B, "<=" & $B$1 ), IF(_xlpm.result = 0, "", _xlpm.result) ) | I10: =_xlfn.LET( _xlpm.result, COUNTIFS( 'Complaint RC Data'!$C:$C, $A10, 'Complaint RC Data'!K:K, "x", 'Complaint RC Data'!$B:$B, ">=" & EDATE($B$1, -12), 'Complaint RC Data'!$B:$B, "<=" & $B$1 ), IF(_xlpm.result = 0, "", _xlpm.result) ) | J10: =_xlfn.LET( _xlpm.result, COUNTIFS( 'Complaint RC Data'!$C:$C, $A10, 'Complaint RC Data'!L:L, "x", 'Complaint RC Data'!$B:$B, ">=" & EDATE($B$1, -12), 'Complaint RC Data'!$B:$B, "<=" & $B$1 ), IF(_xlpm.result = 0, "", _xlpm.result) ) | K10: =_xlfn.LET( _xlpm.result, COUNTIFS( 'Complaint RC Data'!$C:$C, $A10, 'Complaint RC Data'!M:M, "x", 'Complaint RC Data'!$B:$B, ">=" & EDATE($B$1, -12), 'Complaint RC Data'!$B:$B, "<=" & $B$1 ), IF(_xlpm.result = 0, "", _xlpm.result) ) | L10: =_xlfn.LET( _xlpm.result, COUNTIFS( 'Complaint RC Data'!$C:$C, $A10, 'Complaint RC Data'!N:N, "x", 'Complaint RC Data'!$B:$B, ">=" & EDATE($B$1, -12), 'Complaint RC Data'!$B:$B, "<=" & $B$1 ), IF(_xlpm.result = 0, "", _xlpm.result) ) | M10: =_xlfn.LET( _xlpm.result, COUNTIFS( 'Complaint RC Data'!$C:$C, $A10, 'Complaint RC Data'!O:O, "x", 'Complaint RC Data'!$B:$B, ">=" & EDATE($B$1, -12), 'Complaint RC Data'!$B:$B, "<=" & $B$1 ), IF(_xlpm.result = 0, "", _xlpm.result) ) | N10: =_xlfn.LET( _xlpm.result, COUNTIFS( 'Complaint RC Data'!$C:$C, $A10, 'Complaint RC Data'!P:P, "x", 'Complaint RC Data'!$B:$B, ">=" & EDATE($B$1, -12), 'Complaint RC Data'!$B:$B, "<=" & $B$1 ), IF(_xlpm.result = 0, "", _xlpm.result) ) | O10: =_xlfn.LET( _xlpm.result, COUNTIFS( 'Complaint RC Data'!$C:$C, $A10, 'Complaint RC Data'!Q:Q, "x", 'Complaint RC Data'!$B:$B, ">=" & EDATE($B$1, -12), 'Complaint RC Data'!$B:$B, "<=" & $B$1 ), IF(_xlpm.result = 0, "", _xlpm.result) ) | P10: =_xlfn.LET( _xlpm.result, COUNTIFS( 'Complaint RC Data'!$C:$C, $A10, 'Complaint RC Data'!R:R, "x", 'Complaint RC Data'!$B:$B, ">=" & EDATE($B$1, -12), 'Complaint RC Data'!$B:$B, "<=" & $B$1 ), IF(_xlpm.result = 0, "", _xlpm.result) )
A11: Product Scent | B11: =_xlfn.LET( _xlpm.result, COUNTIFS( 'Complaint RC Data'!$C:$C, $A11, 'Complaint RC Data'!D:D, "x", 'Complaint RC Data'!$B:$B, ">=" & EDATE($B$1, -12), 'Complaint RC Data'!$B:$B, "<=" & $B$1 ), IF(_xlpm.result = 0, "", _xlpm.result) ) | C11: =_xlfn.LET( _xlpm.result, COUNTIFS( 'Complaint RC Data'!$C:$C, $A11, 'Complaint RC Data'!E:E, "x", 'Complaint RC Data'!$B:$B, ">=" & EDATE($B$1, -12), 'Complaint RC Data'!$B:$B, "<=" & $B$1 ), IF(_xlpm.result = 0, "", _xlpm.result) ) | D11: =_xlfn.LET( _xlpm.result, COUNTIFS( 'Complaint RC Data'!$C:$C, $A11, 'Complaint RC Data'!F:F, "x", 'Complaint RC Data'!$B:$B, ">=" & EDATE($B$1, -12), 'Complaint RC Data'!$B:$B, "<=" & $B$1 ), IF(_xlpm.result = 0, "", _xlpm.result) ) | E11: =_xlfn.LET( _xlpm.result, COUNTIFS( 'Complaint RC Data'!$C:$C, $A11, 'Complaint RC Data'!G:G, "x", 'Complaint RC Data'!$B:$B, ">=" & EDATE($B$1, -12), 'Complaint RC Data'!$B:$B, "<=" & $B$1 ), IF(_xlpm.result = 0, "", _xlpm.result) ) | F11: =_xlfn.LET( _xlpm.result, COUNTIFS( 'Complaint RC Data'!$C:$C, $A11, 'Complaint RC Data'!H:H, "x", 'Complaint RC Data'!$B:$B, ">=" & EDATE($B$1, -12), 'Complaint RC Data'!$B:$B, "<=" & $B$1 ), IF(_xlpm.result = 0, "", _xlpm.result) ) | G11: =_xlfn.LET( _xlpm.result, COUNTIFS( 'Complaint RC Data'!$C:$C, $A11, 'Complaint RC Data'!I:I, "x", 'Complaint RC Data'!$B:$B, ">=" & EDATE($B$1, -12), 'Complaint RC Data'!$B:$B, "<=" & $B$1 ), IF(_xlpm.result = 0, "", _xlpm.result) ) | H11: =_xlfn.LET( _xlpm.result, COUNTIFS( 'Complaint RC Data'!$C:$C, $A11, 'Complaint RC Data'!J:J, "x", 'Complaint RC Data'!$B:$B, ">=" & EDATE($B$1, -12), 'Complaint RC Data'!$B:$B, "<=" & $B$1 ), IF(_xlpm.result = 0, "", _xlpm.result) ) | I11: =_xlfn.LET( _xlpm.result, COUNTIFS( 'Complaint RC Data'!$C:$C, $A11, 'Complaint RC Data'!K:K, "x", 'Complaint RC Data'!$B:$B, ">=" & EDATE($B$1, -12), 'Complaint RC Data'!$B:$B, "<=" & $B$1 ), IF(_xlpm.result = 0, "", _xlpm.result) ) | J11: =_xlfn.LET( _xlpm.result, COUNTIFS( 'Complaint RC Data'!$C:$C, $A11, 'Complaint RC Data'!L:L, "x", 'Complaint RC Data'!$B:$B, ">=" & EDATE($B$1, -12), 'Complaint RC Data'!$B:$B, "<=" & $B$1 ), IF(_xlpm.result = 0, "", _xlpm.result) ) | K11: =_xlfn.LET( _xlpm.result, COUNTIFS( 'Complaint RC Data'!$C:$C, $A11, 'Complaint RC Data'!M:M, "x", 'Complaint RC Data'!$B:$B, ">=" & EDATE($B$1, -12), 'Complaint RC Data'!$B:$B, "<=" & $B$1 ), IF(_xlpm.result = 0, "", _xlpm.result) ) | L11: =_xlfn.LET( _xlpm.result, COUNTIFS( 'Complaint RC Data'!$C:$C, $A11, 'Complaint RC Data'!N:N, "x", 'Complaint RC Data'!$B:$B, ">=" & EDATE($B$1, -12), 'Complaint RC Data'!$B:$B, "<=" & $B$1 ), IF(_xlpm.result = 0, "", _xlpm.result) ) | M11: =_xlfn.LET( _xlpm.result, COUNTIFS( 'Complaint RC Data'!$C:$C, $A11, 'Complaint RC Data'!O:O, "x", 'Complaint RC Data'!$B:$B, ">=" & EDATE($B$1, -12), 'Complaint RC Data'!$B:$B, "<=" & $B$1 ), IF(_xlpm.result = 0, "", _xlpm.result) ) | N11: =_xlfn.LET( _xlpm.result, COUNTIFS( 'Complaint RC Data'!$C:$C, $A11, 'Complaint RC Data'!P:P, "x", 'Complaint RC Data'!$B:$B, ">=" & EDATE($B$1, -12), 'Complaint RC Data'!$B:$B, "<=" & $B$1 ), IF(_xlpm.result = 0, "", _xlpm.result) ) | O11: =_xlfn.LET( _xlpm.result, COUNTIFS( 'Complaint RC Data'!$C:$C, $A11, 'Complaint RC Data'!Q:Q, "x", 'Complaint RC Data'!$B:$B, ">=" & EDATE($B$1, -12), 'Complaint RC Data'!$B:$B, "<=" & $B$1 ), IF(_xlpm.result = 0, "", _xlpm.result) ) | P11: =_xlfn.LET( _xlpm.result, COUNTIFS( 'Complaint RC Data'!$C:$C, $A11, 'Complaint RC Data'!R:R, "x", 'Complaint RC Data'!$B:$B, ">=" & EDATE($B$1, -12), 'Complaint RC Data'!$B:$B, "<=" & $B$1 ), IF(_xlpm.result = 0, "", _xlpm.result) )
A12: Labelling / PIL | B12: =_xlfn.LET( _xlpm.result, COUNTIFS( 'Complaint RC Data'!$C:$C, $A12, 'Complaint RC Data'!D:D, "x", 'Complaint RC Data'!$B:$B, ">=" & EDATE($B$1, -12), 'Complaint RC Data'!$B:$B, "<=" & $B$1 ), IF(_xlpm.result = 0, "", _xlpm.result) ) | C12: =_xlfn.LET( _xlpm.result, COUNTIFS( 'Complaint RC Data'!$C:$C, $A12, 'Complaint RC Data'!E:E, "x", 'Complaint RC Data'!$B:$B, ">=" & EDATE($B$1, -12), 'Complaint RC Data'!$B:$B, "<=" & $B$1 ), IF(_xlpm.result = 0, "", _xlpm.result) ) | D12: =_xlfn.LET( _xlpm.result, COUNTIFS( 'Complaint RC Data'!$C:$C, $A12, 'Complaint RC Data'!F:F, "x", 'Complaint RC Data'!$B:$B, ">=" & EDATE($B$1, -12), 'Complaint RC Data'!$B:$B, "<=" & $B$1 ), IF(_xlpm.result = 0, "", _xlpm.result) ) -> 1 | E12: =_xlfn.LET( _xlpm.result, COUNTIFS( 'Complaint RC Data'!$C:$C, $A12, 'Complaint RC Data'!G:G, "x", 'Complaint RC Data'!$B:$B, ">=" & EDATE($B$1, -12), 'Complaint RC Data'!$B:$B, "<=" & $B$1 ), IF(_xlpm.result = 0, "", _xlpm.result) ) | F12: =_xlfn.LET( _xlpm.result, COUNTIFS( 'Complaint RC Data'!$C:$C, $A12, 'Complaint RC Data'!H:H, "x", 'Complaint RC Data'!$B:$B, ">=" & EDATE($B$1, -12), 'Complaint RC Data'!$B:$B, "<=" & $B$1 ), IF(_xlpm.result = 0, "", _xlpm.result) ) -> 1 | G12: =_xlfn.LET( _xlpm.result, COUNTIFS( 'Complaint RC Data'!$C:$C, $A12, 'Complaint RC Data'!I:I, "x", 'Complaint RC Data'!$B:$B, ">=" & EDATE($B$1, -12), 'Complaint RC Data'!$B:$B, "<=" & $B$1 ), IF(_xlpm.result = 0, "", _xlpm.result) ) | H12: =_xlfn.LET( _xlpm.result, COUNTIFS( 'Complaint RC Data'!$C:$C, $A12, 'Complaint RC Data'!J:J, "x", 'Complaint RC Data'!$B:$B, ">=" & EDATE($B$1, -12), 'Complaint RC Data'!$B:$B, "<=" & $B$1 ), IF(_xlpm.result = 0, "", _xlpm.result) ) | I12: =_xlfn.LET( _xlpm.result, COUNTIFS( 'Complaint RC Data'!$C:$C, $A12, 'Complaint RC Data'!K:K, "x", 'Complaint RC Data'!$B:$B, ">=" & EDATE($B$1, -12), 'Complaint RC Data'!$B:$B, "<=" & $B$1 ), IF(_xlpm.result = 0, "", _xlpm.result) ) | J12: =_xlfn.LET( _xlpm.result, COUNTIFS( 'Complaint RC Data'!$C:$C, $A12, 'Complaint RC Data'!L:L, "x", 'Complaint RC Data'!$B:$B, ">=" & EDATE($B$1, -12), 'Complaint RC Data'!$B:$B, "<=" & $B$1 ), IF(_xlpm.result = 0, "", _xlpm.result) ) | K12: =_xlfn.LET( _xlpm.result, COUNTIFS( 'Complaint RC Data'!$C:$C, $A12, 'Complaint RC Data'!M:M, "x", 'Complaint RC Data'!$B:$B, ">=" & EDATE($B$1, -12), 'Complaint RC Data'!$B:$B, "<=" & $B$1 ), IF(_xlpm.result = 0, "", _xlpm.result) ) | L12: =_xlfn.LET( _xlpm.result, COUNTIFS( 'Complaint RC Data'!$C:$C, $A12, 'Complaint RC Data'!N:N, "x", 'Complaint RC Data'!$B:$B, ">=" & EDATE($B$1, -12), 'Complaint RC Data'!$B:$B, "<=" & $B$1 ), IF(_xlpm.result = 0, "", _xlpm.result) ) | M12: =_xlfn.LET( _xlpm.result, COUNTIFS( 'Complaint RC Data'!$C:$C, $A12, 'Complaint RC Data'!O:O, "x", 'Complaint RC Data'!$B:$B, ">=" & EDATE($B$1, -12), 'Complaint RC Data'!$B:$B, "<=" & $B$1 ), IF(_xlpm.result = 0, "", _xlpm.result) ) | N12: =_xlfn.LET( _xlpm.result, COUNTIFS( 'Complaint RC Data'!$C:$C, $A12, 'Complaint RC Data'!P:P, "x", 'Complaint RC Data'!$B:$B, ">=" & EDATE($B$1, -12), 'Complaint RC Data'!$B:$B, "<=" & $B$1 ), IF(_xlpm.result = 0, "", _xlpm.result) ) -> 1 | O12: =_xlfn.LET( _xlpm.result, COUNTIFS( 'Complaint RC Data'!$C:$C, $A12, 'Complaint RC Data'!Q:Q, "x", 'Complaint RC Data'!$B:$B, ">=" & EDATE($B$1, -12), 'Complaint RC Data'!$B:$B, "<=" & $B$1 ), IF(_xlpm.result = 0, "", _xlpm.result) ) | P12: =_xlfn.LET( _xlpm.result, COUNTIFS( 'Complaint RC Data'!$C:$C, $A12, 'Complaint RC Data'!R:R, "x", 'Complaint RC Data'!$B:$B, ">=" & EDATE($B$1, -12), 'Complaint RC Data'!$B:$B, "<=" & $B$1 ), IF(_xlpm.result = 0, "", _xlpm.result) )
A13: Documentation | B13: =_xlfn.LET( _xlpm.result, COUNTIFS( 'Complaint RC Data'!$C:$C, $A13, 'Complaint RC Data'!D:D, "x", 'Complaint RC Data'!$B:$B, ">=" & EDATE($B$1, -12), 'Complaint RC Data'!$B:$B, "<=" & $B$1 ), IF(_xlpm.result = 0, "", _xlpm.result) ) | C13: =_xlfn.LET( _xlpm.result, COUNTIFS( 'Complaint RC Data'!$C:$C, $A13, 'Complaint RC Data'!E:E, "x", 'Complaint RC Data'!$B:$B, ">=" & EDATE($B$1, -12), 'Complaint RC Data'!$B:$B, "<=" & $B$1 ), IF(_xlpm.result = 0, "", _xlpm.result) ) | D13: =_xlfn.LET( _xlpm.result, COUNTIFS( 'Complaint RC Data'!$C:$C, $A13, 'Complaint RC Data'!F:F, "x", 'Complaint RC Data'!$B:$B, ">=" & EDATE($B$1, -12), 'Complaint RC Data'!$B:$B, "<=" & $B$1 ), IF(_xlpm.result = 0, "", _xlpm.result) ) | E13: =_xlfn.LET( _xlpm.result, COUNTIFS( 'Complaint RC Data'!$C:$C, $A13, 'Complaint RC Data'!G:G, "x", 'Complaint RC Data'!$B:$B, ">=" & EDATE($B$1, -12), 'Complaint RC Data'!$B:$B, "<=" & $B$1 ), IF(_xlpm.result = 0, "", _xlpm.result) ) | F13: =_xlfn.LET( _xlpm.result, COUNTIFS( 'Complaint RC Data'!$C:$C, $A13, 'Complaint RC Data'!H:H, "x", 'Complaint RC Data'!$B:$B, ">=" & EDATE($B$1, -12), 'Complaint RC Data'!$B:$B, "<=" & $B$1 ), IF(_xlpm.result = 0, "", _xlpm.result) ) | G13: =_xlfn.LET( _xlpm.result, COUNTIFS( 'Complaint RC Data'!$C:$C, $A13, 'Complaint RC Data'!I:I, "x", 'Complaint RC Data'!$B:$B, ">=" & EDATE($B$1, -12), 'Complaint RC Data'!$B:$B, "<=" & $B$1 ), IF(_xlpm.result = 0, "", _xlpm.result) ) | H13: =_xlfn.LET( _xlpm.result, COUNTIFS( 'Complaint RC Data'!$C:$C, $A13, 'Complaint RC Data'!J:J, "x", 'Complaint RC Data'!$B:$B, ">=" & EDATE($B$1, -12), 'Complaint RC Data'!$B:$B, "<=" & $B$1 ), IF(_xlpm.result = 0, "", _xlpm.result) ) | I13: =_xlfn.LET( _xlpm.result, COUNTIFS( 'Complaint RC Data'!$C:$C, $A13, 'Complaint RC Data'!K:K, "x", 'Complaint RC Data'!$B:$B, ">=" & EDATE($B$1, -12), 'Complaint RC Data'!$B:$B, "<=" & $B$1 ), IF(_xlpm.result = 0, "", _xlpm.result) ) | J13: =_xlfn.LET( _xlpm.result, COUNTIFS( 'Complaint RC Data'!$C:$C, $A13, 'Complaint RC Data'!L:L, "x", 'Complaint RC Data'!$B:$B, ">=" & EDATE($B$1, -12), 'Complaint RC Data'!$B:$B, "<=" & $B$1 ), IF(_xlpm.result = 0, "", _xlpm.result) ) | K13: =_xlfn.LET( _xlpm.result, COUNTIFS( 'Complaint RC Data'!$C:$C, $A13, 'Complaint RC Data'!M:M, "x", 'Complaint RC Data'!$B:$B, ">=" & EDATE($B$1, -12), 'Complaint RC Data'!$B:$B, "<=" & $B$1 ), IF(_xlpm.result = 0, "", _xlpm.result) ) | L13: =_xlfn.LET( _xlpm.result, COUNTIFS( 'Complaint RC Data'!$C:$C, $A13, 'Complaint RC Data'!N:N, "x", 'Complaint RC Data'!$B:$B, ">=" & EDATE($B$1, -12), 'Complaint RC Data'!$B:$B, "<=" & $B$1 ), IF(_xlpm.result = 0, "", _xlpm.result) ) | M13: =_xlfn.LET( _xlpm.result, COUNTIFS( 'Complaint RC Data'!$C:$C, $A13, 'Complaint RC Data'!O:O, "x", 'Complaint RC Data'!$B:$B, ">=" & EDATE($B$1, -12), 'Complaint RC Data'!$B:$B, "<=" & $B$1 ), IF(_xlpm.result = 0, "", _xlpm.result) ) | N13: =_xlfn.LET( _xlpm.result, COUNTIFS( 'Complaint RC Data'!$C:$C, $A13, 'Complaint RC Data'!P:P, "x", 'Complaint RC Data'!$B:$B, ">=" & EDATE($B$1, -12), 'Complaint RC Data'!$B:$B, "<=" & $B$1 ), IF(_xlpm.result = 0, "", _xlpm.result) ) | O13: =_xlfn.LET( _xlpm.result, COUNTIFS( 'Complaint RC Data'!$C:$C, $A13, 'Complaint RC Data'!Q:Q, "x", 'Complaint RC Data'!$B:$B, ">=" & EDATE($B$1, -12), 'Complaint RC Data'!$B:$B, "<=" & $B$1 ), IF(_xlpm.result = 0, "", _xlpm.result) ) | P13: =_xlfn.LET( _xlpm.result, COUNTIFS( 'Complaint RC Data'!$C:$C, $A13, 'Complaint RC Data'!R:R, "x", 'Complaint RC Data'!$B:$B, ">=" & EDATE($B$1, -12), 'Complaint RC Data'!$B:$B, "<=" & $B$1 ), IF(_xlpm.result = 0, "", _xlpm.result) )
A14: Faulty Product | B14: =_xlfn.LET( _xlpm.result, COUNTIFS( 'Complaint RC Data'!$C:$C, $A14, 'Complaint RC Data'!D:D, "x", 'Complaint RC Data'!$B:$B, ">=" & EDATE($B$1, -12), 'Complaint RC Data'!$B:$B, "<=" & $B$1 ), IF(_xlpm.result = 0, "", _xlpm.result) ) | C14: =_xlfn.LET( _xlpm.result, COUNTIFS( 'Complaint RC Data'!$C:$C, $A14, 'Complaint RC Data'!E:E, "x", 'Complaint RC Data'!$B:$B, ">=" & EDATE($B$1, -12), 'Complaint RC Data'!$B:$B, "<=" & $B$1 ), IF(_xlpm.result = 0, "", _xlpm.result) ) | D14: =_xlfn.LET( _xlpm.result, COUNTIFS( 'Complaint RC Data'!$C:$C, $A14, 'Complaint RC Data'!F:F, "x", 'Complaint RC Data'!$B:$B, ">=" & EDATE($B$1, -12), 'Complaint RC Data'!$B:$B, "<=" & $B$1 ), IF(_xlpm.result = 0, "", _xlpm.result) ) | E14: =_xlfn.LET( _xlpm.result, COUNTIFS( 'Complaint RC Data'!$C:$C, $A14, 'Complaint RC Data'!G:G, "x", 'Complaint RC Data'!$B:$B, ">=" & EDATE($B$1, -12), 'Complaint RC Data'!$B:$B, "<=" & $B$1 ), IF(_xlpm.result = 0, "", _xlpm.result) ) | F14: =_xlfn.LET( _xlpm.result, COUNTIFS( 'Complaint RC Data'!$C:$C, $A14, 'Complaint RC Data'!H:H, "x", 'Complaint RC Data'!$B:$B, ">=" & EDATE($B$1, -12), 'Complaint RC Data'!$B:$B, "<=" & $B$1 ), IF(_xlpm.result = 0, "", _xlpm.result) ) | G14: =_xlfn.LET( _xlpm.result, COUNTIFS( 'Complaint RC Data'!$C:$C, $A14, 'Complaint RC Data'!I:I, "x", 'Complaint RC Data'!$B:$B, ">=" & EDATE($B$1, -12), 'Complaint RC Data'!$B:$B, "<=" & $B$1 ), IF(_xlpm.result = 0, "", _xlpm.result) ) | H14: =_xlfn.LET( _xlpm.result, COUNTIFS( 'Complaint RC Data'!$C:$C, $A14, 'Complaint RC Data'!J:J, "x", 'Complaint RC Data'!$B:$B, ">=" & EDATE($B$1, -12), 'Complaint RC Data'!$B:$B, "<=" & $B$1 ), IF(_xlpm.result = 0, "", _xlpm.result) ) | I14: =_xlfn.LET( _xlpm.result, COUNTIFS( 'Complaint RC Data'!$C:$C, $A14, 'Complaint RC Data'!K:K, "x", 'Complaint RC Data'!$B:$B, ">=" & EDATE($B$1, -12), 'Complaint RC Data'!$B:$B, "<=" & $B$1 ), IF(_xlpm.result = 0, "", _xlpm.result) ) | J14: =_xlfn.LET( _xlpm.result, COUNTIFS( 'Complaint RC Data'!$C:$C, $A14, 'Complaint RC Data'!L:L, "x", 'Complaint RC Data'!$B:$B, ">=" & EDATE($B$1, -12), 'Complaint RC Data'!$B:$B, "<=" & $B$1 ), IF(_xlpm.result = 0, "", _xlpm.result) ) | K14: =_xlfn.LET( _xlpm.result, COUNTIFS( 'Complaint RC Data'!$C:$C, $A14, 'Complaint RC Data'!M:M, "x", 'Complaint RC Data'!$B:$B, ">=" & EDATE($B$1, -12), 'Complaint RC Data'!$B:$B, "<=" & $B$1 ), IF(_xlpm.result = 0, "", _xlpm.result) ) | L14: =_xlfn.LET( _xlpm.result, COUNTIFS( 'Complaint RC Data'!$C:$C, $A14, 'Complaint RC Data'!N:N, "x", 'Complaint RC Data'!$B:$B, ">=" & EDATE($B$1, -12), 'Complaint RC Data'!$B:$B, "<=" & $B$1 ), IF(_xlpm.result = 0, "", _xlpm.result) ) | M14: =_xlfn.LET( _xlpm.result, COUNTIFS( 'Complaint RC Data'!$C:$C, $A14, 'Complaint RC Data'!O:O, "x", 'Complaint RC Data'!$B:$B, ">=" & EDATE($B$1, -12), 'Complaint RC Data'!$B:$B, "<=" & $B$1 ), IF(_xlpm.result = 0, "", _xlpm.result) ) | N14: =_xlfn.LET( _xlpm.result, COUNTIFS( 'Complaint RC Data'!$C:$C, $A14, 'Complaint RC Data'!P:P, "x", 'Complaint RC Data'!$B:$B, ">=" & EDATE($B$1, -12), 'Complaint RC Data'!$B:$B, "<=" & $B$1 ), IF(_xlpm.result = 0, "", _xlpm.result) ) | O14: =_xlfn.LET( _xlpm.result, COUNTIFS( 'Complaint RC Data'!$C:$C, $A14, 'Complaint RC Data'!Q:Q, "x", 'Complaint RC Data'!$B:$B, ">=" & EDATE($B$1, -12), 'Complaint RC Data'!$B:$B, "<=" & $B$1 ), IF(_xlpm.result = 0, "", _xlpm.result) ) | P14: =_xlfn.LET( _xlpm.result, COUNTIFS( 'Complaint RC Data'!$C:$C, $A14, 'Complaint RC Data'!R:R, "x", 'Complaint RC Data'!$B:$B, ">=" & EDATE($B$1, -12), 'Complaint RC Data'!$B:$B, "<=" & $B$1 ), IF(_xlpm.result = 0, "", _xlpm.result) )
... A19: Other | B19: =_xlfn.LET( _xlpm.result, COUNTIFS( 'Complaint RC Data'!$C:$C, $A19, 'Complaint RC Data'!D:D, "x", 'Complaint RC Data'!$B:$B, ">=" & EDATE($B$1, -12), 'Complaint RC Data'!$B:$B, "<=" & $B$1 ), IF(_xlpm.result = 0, "", _xlpm.result) ) | C19: =_xlfn.LET( _xlpm.result, COUNTIFS( 'Complaint RC Data'!$C:$C, $A19, 'Complaint RC Data'!E:E, "x", 'Complaint RC Data'!$B:$B, ">=" & EDATE($B$1, -12), 'Complaint RC Data'!$B:$B, "<=" & $B$1 ), IF(_xlpm.result = 0, "", _xlpm.result) ) | D19: =_xlfn.LET( _xlpm.result, COUNTIFS( 'Complaint RC Data'!$C:$C, $A19, 'Complaint RC Data'!F:F, "x", 'Complaint RC Data'!$B:$B, ">=" & EDATE($B$1, -12), 'Complaint RC Data'!$B:$B, "<=" & $B$1 ), IF(_xlpm.result = 0, "", _xlpm.result) ) | E19: =_xlfn.LET( _xlpm.result, COUNTIFS( 'Complaint RC Data'!$C:$C, $A19, 'Complaint RC Data'!G:G, "x", 'Complaint RC Data'!$B:$B, ">=" & EDATE($B$1, -12), 'Complaint RC Data'!$B:$B, "<=" & $B$1 ), IF(_xlpm.result = 0, "", _xlpm.result) ) | F19: =_xlfn.LET( _xlpm.result, COUNTIFS( 'Complaint RC Data'!$C:$C, $A19, 'Complaint RC Data'!H:H, "x", 'Complaint RC Data'!$B:$B, ">=" & EDATE($B$1, -12), 'Complaint RC Data'!$B:$B, "<=" & $B$1 ), IF(_xlpm.result = 0, "", _xlpm.result) ) | G19: =_xlfn.LET( _xlpm.result, COUNTIFS( 'Complaint RC Data'!$C:$C, $A19, 'Complaint RC Data'!I:I, "x", 'Complaint RC Data'!$B:$B, ">=" & EDATE($B$1, -12), 'Complaint RC Data'!$B:$B, "<=" & $B$1 ), IF(_xlpm.result = 0, "", _xlpm.result) ) | H19: =_xlfn.LET( _xlpm.result, COUNTIFS( 'Complaint RC Data'!$C:$C, $A19, 'Complaint RC Data'!J:J, "x", 'Complaint RC Data'!$B:$B, ">=" & EDATE($B$1, -12), 'Complaint RC Data'!$B:$B, "<=" & $B$1 ), IF(_xlpm.result = 0, "", _xlpm.result) ) | I19: =_xlfn.LET( _xlpm.result, COUNTIFS( 'Complaint RC Data'!$C:$C, $A19, 'Complaint RC Data'!K:K, "x", 'Complaint RC Data'!$B:$B, ">=" & EDATE($B$1, -12), 'Complaint RC Data'!$B:$B, "<=" & $B$1 ), IF(_xlpm.result = 0, "", _xlpm.result) ) | J19: =_xlfn.LET( _xlpm.result, COUNTIFS( 'Complaint RC Data'!$C:$C, $A19, 'Complaint RC Data'!L:L, "x", 'Complaint RC Data'!$B:$B, ">=" & EDATE($B$1, -12), 'Complaint RC Data'!$B:$B, "<=" & $B$1 ), IF(_xlpm.result = 0, "", _xlpm.result) ) | K19: =_xlfn.LET( _xlpm.result, COUNTIFS( 'Complaint RC Data'!$C:$C, $A19, 'Complaint RC Data'!M:M, "x", 'Complaint RC Data'!$B:$B, ">=" & EDATE($B$1, -12), 'Complaint RC Data'!$B:$B, "<=" & $B$1 ), IF(_xlpm.result = 0, "", _xlpm.result) ) | L19: =_xlfn.LET( _xlpm.result, COUNTIFS( 'Complaint RC Data'!$C:$C, $A19, 'Complaint RC Data'!N:N, "x", 'Complaint RC Data'!$B:$B, ">=" & EDATE($B$1, -12), 'Complaint RC Data'!$B:$B, "<=" & $B$1 ), IF(_xlpm.result = 0, "", _xlpm.result) ) | M19: =_xlfn.LET( _xlpm.result, COUNTIFS( 'Complaint RC Data'!$C:$C, $A19, 'Complaint RC Data'!O:O, "x", 'Complaint RC Data'!$B:$B, ">=" & EDATE($B$1, -12), 'Complaint RC Data'!$B:$B, "<=" & $B$1 ), IF(_xlpm.result = 0, "", _xlpm.result) ) | N19: =_xlfn.LET( _xlpm.result, COUNTIFS( 'Complaint RC Data'!$C:$C, $A19, 'Complaint RC Data'!P:P, "x", 'Complaint RC Data'!$B:$B, ">=" & EDATE($B$1, -12), 'Complaint RC Data'!$B:$B, "<=" & $B$1 ), IF(_xlpm.result = 0, "", _xlpm.result) ) | O19: =_xlfn.LET( _xlpm.result, COUNTIFS( 'Complaint RC Data'!$C:$C, $A19, 'Complaint RC Data'!Q:Q, "x", 'Complaint RC Data'!$B:$B, ">=" & EDATE($B$1, -12), 'Complaint RC Data'!$B:$B, "<=" & $B$1 ), IF(_xlpm.result = 0, "", _xlpm.result) ) | P19: =_xlfn.LET( _xlpm.result, COUNTIFS( 'Complaint RC Data'!$C:$C, $A19, 'Complaint RC Data'!R:R, "x", 'Complaint RC Data'!$B:$B, ">=" & EDATE($B$1, -12), 'Complaint RC Data'!$B:$B, "<=" & $B$1 ), IF(_xlpm.result = 0, "", _xlpm.result) )
